Date,Visits,Visitors,Page_Views,Sessions,Pages_per_Session,Session_Duration,Bounces,Exits
1/1/2019,8270,80d2a8d1126cbc111503038244fe2ec7,10579,7336,1.44,236.29,3462,1158
1/2/2019,1860,7f1c9f60a743dfe4ed3baf02c45a3a21,4553,1950,2.33,150.72,700,1328
1/3/2019,6390,aeecd31f12681394abee7a47f4e46501,15124,5234,2.89,276.75,1263,1729
1/4/2019,6191,fc729071f270201018c403633c4967de,10008,6150,1.63,212.3,1911,2160
1/5/2019,6734,e1acc3379cd0498252ec5871c07daa85,16339,5426,3.01,137.19,2260,4582
1/6/2019,7265,e08990dcd07a42638a0cd5115da0cbc6,21012,8488,2.48,144.87,2141,2151
1/7/2019,1466,93f1c2bf168328f81e103728805478ed,1882,1745,1.08,198.77,658,375
1/8/2019,5426,a43fa7769f084202dce934ce086b4d07,9633,4823,2,292.32,1970,1637
1/9/2019,6578,42f3a921b321f3294627f53abf7db35c,13081,5809,2.25,253.93,1761,2826
1/10/2019,9322,2fb3d8279745071349183da31c0aae4a,26275,10268,2.56,197.66,4191,3812
1/11/2019,2685,063f3e1cf775a7c45f97c14d37f2793e,7872,2420,3.25,167.54,1125,889
1/12/2019,1769,148d24d0bc8bfb57da0de585d3197db7,3536,2048,1.73,209.85,699,796
1/13/2019,7949,24d564c7682dc5d007d51fd81122cb58,20270,8184,2.48,249.67,2576,3716
1/14/2019,3433,353dc3dfd32a89eb196add4ff4e31015,7404,3228,2.29,256.79,888,1662
1/15/2019,6311,2924b7ab1ff6ecc57975d36045275320,13682,7150,1.91,164.92,2726,1944
1/16/2019,6051,664dfede23ed07d589d538f811a12b58,10290,6035,1.71,244.23,2799,1726
1/17/2019,7420,c051c7112ba23343a7f9caf6a438b63a,11801,8641,1.37,231.56,2570,2505
1/18/2019,2184,fd920954b1021a3dc5421ad4de1d8af0,3753,2557,1.47,291.82,815,820
1/19/2019,5555,b01b179bbda7990f24f05d13c59ec4f0,12228,4811,2.54,286.22,1549,2133
1/20/2019,4385,b4d0f0ca5ffe62b653486700d6e0014e,5492,3512,1.56,257.88,1293,856
1/21/2019,7396,12db14405ebdfbc1477cfc14a83a6de9,20953,8827,2.37,244.68,2370,3242
1/22/2019,9666,e4ce15f71539df7e8152bd36c76aac7a,14318,11236,1.27,154.81,5018,1932
1/23/2019,3558,4af562e3c941ec21a3da47631bf16145,5679,2925,1.94,269.19,844,937
1/24/2019,8849,6e973b0f3ffec66c757c059a2e64e18c,18874,10027,1.88,185.5,4127,2640
1/25/2019,3047,f47bebb5a6e216d04c0627ad5b4c6ec2,7551,2995,2.52,154.45,1060,1712
1/26/2019,3747,61c41705558c1ce18b15cca0ddd7ba76,5142,3385,1.52,176.83,1272,1099
1/27/2019,1189,86e743132c44c2aed92156f3e09b8d68,2106,1369,1.54,267.19,347,371
1/28/2019,3734,24ae7205a3ec25da56e9a57d192457e2,10991,3280,3.35,129.73,1379,1815
1/29/2019,4005,6a729876de259c8fefbc06e13ccb4286,6697,4721,1.42,191.23,1211,987
1/30/2019,5658,878bf3094246b7dd961106f1ee7668cb,9977,4991,2,198.47,1168,2066
1/31/2019,2899,6c8cb5c462acf6ea256689ca5f9f5469,7843,3030,2.59,107.33,1103,2225
2/1/2019,8734,977bcb88d31ecf4b363c4dd49b410884,11270,7766,1.45,139.15,3205,2672
2/2/2019,2267,2ab60a75fd908cba06585bb675c63aca,4616,2308,2,265.35,496,1148
2/3/2019,2528,2d40b4482ebd3413e8adc78c1ff5db97,4761,2714,1.75,266.15,599,1270
2/4/2019,4556,239e8da3770ca9e719d967cc101478d5,8063,3991,2.02,158.48,1759,1373
2/5/2019,4890,35826fd11859203aba359424406fea2f,8382,4930,1.7,274.98,2182,943
2/6/2019,9838,18ce51a5f422faa0713add10b882474d,13423,9716,1.38,254.36,2658,3013
2/7/2019,6393,ee6ec98e95b48ad1d60fea86ca044bf0,11294,5296,2.13,183.58,2036,1555
2/8/2019,9792,b4495d206c0b00fe136bc31dc740d536,12509,11038,1.13,249.68,3675,2674
2/9/2019,9433,4e17e46518a8a91d625026567f4089bb,24579,8812,2.79,292.27,3435,6093
2/10/2019,8513,e3045209bc7094bdd759bc83c3158baa,16317,8766,1.86,191.79,4022,4189
2/11/2019,3612,73a3845f3100d46d0dfb2dd661463ae9,7220,3633,1.99,147.69,813,1157
2/12/2019,8041,9f3c18ec84748f9a1940f9e850be08a7,22582,8083,2.79,288.36,3503,4572
2/13/2019,7235,a8bf656ab185537ca85db484b7dbb7ac,17251,6098,2.83,220.75,2121,3867
2/14/2019,6486,958a8fd3c6f02273fbe35c03ee9c6d28,7877,6287,1.25,121.05,2321,2078
2/15/2019,8099,0eb2035549e1382d934468ecca2ff49b,23468,7944,2.95,214.54,3147,5920
2/16/2019,1775,c1ff76eae8e76a4ebfcbb0cd2d957270,2887,1940,1.49,200.12,925,859
2/17/2019,9226,aee687d889d432890e6d3e0b2ab43e3c,12858,10480,1.23,271.12,2274,1306
2/18/2019,4152,a1cff5b0fb5d53657b671ea880beaf67,10723,4226,2.54,206.14,882,2010
2/19/2019,2585,041cf5fb8e581b867a89ae773326ab8e,5430,2157,2.52,151.05,546,821
2/20/2019,4943,601508cbf97c58f09364150c5b44fded,9791,4422,2.21,235.13,2193,1213
2/21/2019,8555,fa122829edfde2d8a87c21d17fc2927b,14108,7408,1.9,208.52,3070,3982
2/22/2019,4073,e63d002bf80f3454d90af8a1915ec1b4,8901,3461,2.57,146.61,1330,2666
2/23/2019,2021,5b0d7e61128750226c2fa76627f52d2f,3423,1912,1.79,214.73,409,465
2/24/2019,4843,052f82dadeb0474fd009a2a0d9966db1,13671,4318,3.17,264.31,2002,1472
2/25/2019,8989,3211b7f68c16b97b1b1e7e719e17058d,14268,7976,1.79,105.71,3540,2211
2/26/2019,7873,185dd59f556cec8715a4068f14d3b279,21980,6470,3.4,226.17,2584,5868
2/27/2019,6675,13658fe1551c040307f10e7a0aecdc10,14731,5387,2.73,169.92,1625,2338
2/28/2019,1161,188768e46ddc1eadf7041d8c208ad21c,3124,976,3.2,158.53,215,348
3/1/2019,5297,073dd9d22e998693053e0b1204e50a93,13153,4602,2.86,178.52,1721,1453
3/2/2019,1995,a1bfa02b419af212fd52c6345f5ccb32,4895,1939,2.52,168.4,806,908
3/3/2019,8629,6e7159169743bbd2033b4142be4833cb,15392,8665,1.78,266.45,1978,4407
3/4/2019,2016,f33d562b2f4d16b0b2340afc82d14d8b,3267,1726,1.89,154.96,673,513
3/5/2019,8869,07d864a35cf27d3d2db2f126d4f0dc04,14009,8602,1.63,246.63,2459,2597
3/6/2019,7439,ed8e2340be99bbeeb5ff124f8d9193fd,20404,6968,2.93,118.81,2991,2456
3/7/2019,8892,a946ae267a0ad3da45cc94fe69a67fee,23801,7766,3.06,290.28,2810,4729
3/8/2019,7863,c7b521869b0dc7524282e8e9483c775b,15671,6311,2.48,224.46,1506,3750
3/9/2019,8916,4c95454d1ef503366aa9e1c8513bb5ab,12824,8798,1.46,241.34,3149,1977
3/10/2019,9529,9add9c4fccfcdc39bb4a1c31a93f1d4d,17991,10236,1.76,159.61,3262,2866
3/11/2019,1878,0c03d7af0e2f5e70e05a0d1af355720e,4347,1672,2.6,182.42,424,1166
3/12/2019,5887,194eaf519ec11c516034073a65c18ec5,11879,5019,2.37,144.76,2271,1212
3/13/2019,5859,db482477a686bbc045fd07fa495473b6,15258,6766,2.26,286.51,1375,3468
3/14/2019,7331,c4668c62666a444a86d6396a60a8594d,21961,6671,3.29,197.62,1958,3926
3/15/2019,9571,d449ad3961b0e08f480a451e94bf93e8,14777,8512,1.74,226.09,1734,2359
3/16/2019,9684,0177ef02b3c8a4f0e8f880ead2891f94,19633,11067,1.77,246.85,2532,4545
3/17/2019,8208,46c247fc3e48a93aedd6b090a740cb86,16217,9249,1.75,174.22,2674,4328
3/18/2019,6276,3edc444d3e3836a6d7b16c88a8b48429,10970,6146,1.78,244.02,1329,2322
3/19/2019,3062,cf1190ebe9b098e1ac81fa5d64ad371d,4766,3048,1.56,235.2,1155,506
3/20/2019,1064,67883f31f37d2cce0bb8fc2123778609,1402,943,1.49,241.13,213,269
3/21/2019,9006,00226d39cb31a1bdfe897e41000068f9,25188,7486,3.36,197.85,3073,4850
3/22/2019,3568,f96ffa74a04de1b69d331b6e808c073b,6978,3672,1.9,176.59,792,1456
3/23/2019,6463,efe3d6fc7b323ddd75a80ab739ca3d3e,13536,5424,2.5,144.42,1181,3170
3/24/2019,3027,6cb0911b7357e2f148f3206f0254a6f5,8628,2965,2.91,264.93,864,896
3/25/2019,3695,54891a2a965d833597a294ce36485b39,9597,4346,2.21,221.67,2038,1923
3/26/2019,6258,462eee3cd0b7932efd1cc15044efc164,8979,7391,1.21,188.87,2900,1954
3/27/2019,6618,e6559ef87e28b4a369bd0fd40268281c,14677,5927,2.48,288.8,2555,2475
3/28/2019,7736,cc12b6f2d31918216c9ca56776de2b0c,15441,8120,1.9,109.57,1968,3608
3/29/2019,1391,d72ac2f0cd6d1af2ac01936818dcdaf3,3665,1376,2.66,270.03,619,533
3/30/2019,6892,5432eeb14986e0bcd774ba842de2fd37,17254,7927,2.18,299.52,1604,2820
3/31/2019,4561,3e06b068a6f38f5d3c33e501c6440940,11141,4143,2.69,277.39,1093,3259
4/1/2019,7184,14ed20a6ecdd85afed6ed43c2d1a9145,13024,5757,2.26,262.09,2215,2209
4/2/2019,4099,414e4c2e935fa07613d9402ddd99c38b,10857,3545,3.06,174.86,1108,1838
4/3/2019,7278,c426bd482804b99100f1af2aa5ca5898,9419,6839,1.38,146.26,3387,2064
4/4/2019,9392,1bfbe82d96c2e406e51b44a8bf1ff923,13968,8699,1.61,246.97,1819,4109
4/5/2019,4104,8e804c1da6163fabcb09358b51f4c871,7404,4582,1.62,160.92,2289,2196
4/6/2019,8215,e54a5247f7c97aa3303bd71b985730ad,10993,8808,1.25,135.21,3409,2373
4/7/2019,3454,ec1c32aa4fb6eb5f392bbb8929aff82d,5605,3177,1.76,257.31,1167,561
4/8/2019,9996,98554b96f92d30fbaae356cd8eda0f56,26931,9827,2.74,162.51,2140,7544
4/9/2019,3731,90cae53b48c15c5d779190d84ef18202,10845,3127,3.47,282.89,881,2321
4/10/2019,9154,9dd3b17e16cfab1d11df682d23ca63d0,16003,10611,1.51,268.13,5066,2771
4/11/2019,6056,a7bf5608ff4ff55024a9ecc31f77d3f0,10150,7110,1.43,269.53,2177,2698
4/12/2019,9110,c5a2167d90872f2c35c5f4fbd62d77b7,15521,10858,1.43,254.31,4327,2793
4/13/2019,4840,aed5dd04b36a448f1c06c383ac62052d,8227,5553,1.48,276.18,2775,878
4/14/2019,2028,8277d10bbce0dd4598db025b09cac1c1,2564,1763,1.45,261.15,491,677
4/15/2019,8385,7ce74c7d6b64133066a24370b4894597,24051,6862,3.5,220.5,2558,5030
4/16/2019,1502,24ec7a101d31f24770bd7ce15ab049d2,2380,1549,1.54,159.16,633,398
4/17/2019,7910,abfe239c50b7240653fdd14f506c7650,15472,9215,1.68,277.64,2298,2323
4/18/2019,7938,874a23e28577059dc6f52fbc3548290b,9664,6913,1.4,268.12,1691,2114
4/19/2019,5488,4878c3311c498a3797bf74d1707c498a,15060,4405,3.42,194.58,1484,2132
4/20/2019,1206,4c5ce2e3c5abdeea97c5654ad5cd9aeb,3034,1353,2.24,107.82,427,499
4/21/2019,6134,5d0267881f0efd1672f56a0b85104b72,17814,5095,3.5,227.71,2110,4049
4/22/2019,6977,a6188f5e33303646ab9d1460b9909483,18188,6736,2.7,110.12,1487,5025
4/23/2019,8721,47c410d69b5291da1e5f5c5f0ba76ef3,15389,9345,1.65,285.26,4594,3179
4/24/2019,8035,f62ad146f83d8cb922e99be317c65c10,13226,7189,1.84,292.33,1468,3330
4/25/2019,2484,b81cb0200f075f7d19498be12bc04122,6100,2070,2.95,137.9,787,1541
4/26/2019,8858,7d8cac73fe4f2bb2172785bec5ed8031,16435,9814,1.67,235.28,3619,3827
4/27/2019,1863,c40b22ff8703e8f7117fe136e2a1c004,4134,1960,2.11,118.45,471,616
4/28/2019,3790,847f8b986d476a7348f254f6306ae570,4590,4530,1.01,245.9,1111,1254
4/29/2019,8408,a46a7201302cb901629f03e3ec380a6a,11026,7884,1.4,169.46,3451,2064
4/30/2019,9755,64f013e8f596f8775cf59c24f341efa0,21106,8044,2.62,236.21,3751,2297
5/1/2019,6116,4099cc2dac8ad9f7bc271c041145a72b,13570,6689,2.03,174.58,1905,2021
5/2/2019,7019,0d155dd6bdb1fa79fe0d82d5751251ce,17916,7080,2.53,129.11,2346,4534
5/3/2019,2757,028ae77e76f426319e40fcee080ae832,3963,2440,1.62,181.22,748,451
5/4/2019,8574,7ecfdeec3f4ed4e86586de5c6aed6968,18208,9540,1.91,122.53,2115,2357
5/5/2019,7374,16f95ec93f83c7df20c8033ab8f1c065,11429,6500,1.76,215.38,2612,2729
5/6/2019,7892,20dd0a24cdf6a7515e93032d6af6272f,10794,7136,1.51,108.19,3193,3006
5/7/2019,2678,977df26c60925225dc88b3cc993e22f7,5192,2241,2.32,205.46,653,1177
5/8/2019,4242,a462e22b18bb55b39c6e0eba9d908916,6337,4071,1.56,277.27,2023,915
5/9/2019,5636,f6e0855c02a653aba7ade958c6222371,9013,5453,1.65,267.57,1214,997
5/10/2019,2059,f2895a5570ec4b0302597b9258d3a48b,3647,2070,1.76,276.56,825,813
5/11/2019,7668,d37931641feee0af5e928bfdbf674c12,12781,8308,1.54,284.41,2779,1399
5/12/2019,4157,67aa70eb6f0321a053f99e4edd6fe215,5643,4832,1.17,120.91,1613,1255
5/13/2019,6915,d1ac7f55764a25ee2679e58dd2bb76aa,9417,5912,1.59,125.75,1994,1366
5/14/2019,3693,941ed4581a1fffb1a88f2bc9a53a0041,5716,3034,1.88,211.4,842,1605
5/15/2019,4627,88648f7af4caef6aba35bacc1f9b9350,5973,3735,1.6,278.79,1549,1164
5/16/2019,6450,c52dca9eb5d362b7623c0a08dce7450c,15013,5530,2.71,294.87,2303,2173
5/17/2019,2663,20dd0a24cdf6a7515e93032d6af6272f,4572,2831,1.62,109.25,806,1237
5/18/2019,6592,91cd07b887e92ae1baff89fb674fc7cf,11229,7191,1.56,171.15,3240,1693
5/19/2019,8392,17849ef8575d496472d097b21d298a79,15085,9353,1.61,142.58,2759,2433
5/20/2019,2306,acbd6f6ced69125fc03faf9e4b29e18b,5518,2069,2.67,251.19,864,1472
5/21/2019,7776,d1747cb552d3d212a10aaf58012c4830,21517,7172,3,228.04,1694,3480
5/22/2019,6864,6d15459c410eea3f5425cd47d93b447d,17615,6817,2.58,123.98,1708,3206
5/23/2019,8526,317209307ea0a0b7612a55518d555f94,21396,7036,3.04,196.7,2073,3627
5/24/2019,9901,c0a9e1765cd86eac605098cd86b8c6a3,20513,10341,1.98,237.09,3910,2528
5/25/2019,6575,4a7c3f89cd11a0fdd4d02e4874480a81,16101,7847,2.05,255.8,3089,1735
5/26/2019,6530,2d3536eafa9dc71112c3b3e6e8a4a7c6,14333,6166,2.32,104.01,1966,3510
5/27/2019,5413,6304b92cc34562f4d777512a05eb78af,8602,5960,1.44,278.09,1331,1970
5/28/2019,4748,cd803ca542a526f1275e826d676b5fb6,7480,4748,1.58,213.86,1481,1170
5/29/2019,1663,2e311e3b24e93d42e56acf2a20567f6a,2882,1415,2.04,262.38,575,458
5/30/2019,2998,985172a265b2cf7ddb958fc8c7903632,8512,3096,2.75,261.59,1242,2460
5/31/2019,8994,c735d3a0c59078a73722fc3a0b513a8d,19655,8274,2.38,137.97,2052,5848
6/1/2019,2495,d9d2837d69b7c0c711e7d764cd3ef8b4,6289,2030,3.1,122.03,410,1224
6/2/2019,4304,6999cc61d0505a69fa330a1ae28f59f1,7849,4536,1.73,244.26,1931,2044
6/3/2019,4763,a11325410be5990954764ff9f613fca9,9211,5446,1.69,131.29,1263,2278
6/4/2019,6232,39131ef357f8e0a7a2a009a5a19c0238,8886,5845,1.52,269.99,1313,1417
6/5/2019,2853,743e12415af5bcee2c216407fa6032e1,4303,2727,1.58,245.24,547,480
6/6/2019,7585,99bee1cd5230a10186f5be7270d7af62,20397,8771,2.33,268.37,2892,2621
6/7/2019,2291,24822637cfb599c4e47680356b7b5997,5160,2578,2,159.8,904,1381
6/8/2019,4581,e82e2aa984d98b098ca565d637f2f443,8280,4974,1.66,163.32,1946,2038
6/9/2019,8554,e57f319938b5185b711dbab0cad6ba5f,22626,7694,2.94,234.24,2222,5268
6/10/2019,8280,a837304b3b413b72eccc0ce726d4a925,13610,9638,1.41,106.29,3981,1716
6/11/2019,2636,a266e29fc847620404241c8d01ffbbe2,7794,2271,3.43,245.3,569,1776
6/12/2019,4696,d9d2837d69b7c0c711e7d764cd3ef8b4,8549,4934,1.73,267.16,2218,2175
6/13/2019,1698,a141b15490c353ec3c99df302a0eb0f1,3068,1377,2.23,183.03,511,835
6/14/2019,5737,4526685a285973cf67fbc546aa83ed7e,10105,6066,1.67,252.98,2276,1037
6/15/2019,1854,a488781ecd845e5473027fe3e41aef07,2632,1688,1.56,134.92,444,623
6/16/2019,9164,c74c4e245293f73d13204a738233ae3b,12830,8979,1.43,164.45,1995,1332
6/17/2019,6855,c4668c62666a444a86d6396a60a8594d,16222,6430,2.52,294.86,2182,3915
6/18/2019,8392,fee449d12b95ac8dca2ef5a8e30ddd13,23289,7293,3.19,297.27,2805,5289
6/19/2019,7528,aec00401bc048f5edb102fc3ac450435,19745,7895,2.5,202.52,1804,2560
6/20/2019,6249,317209307ea0a0b7612a55518d555f94,9086,7203,1.26,286.85,3494,2300
6/21/2019,6172,708f8474172fe21ae2734d59a278535a,13467,7305,1.84,204.55,3609,1530
6/22/2019,2707,c74c4e245293f73d13204a738233ae3b,3762,2373,1.59,158.32,863,998
6/23/2019,6791,26f164aca17073aa90e60c5e0b44be58,8702,7381,1.18,153.38,3580,1326
6/24/2019,6535,ee0de319bbf38a4c02100f96d6c36702,15563,6964,2.23,285.9,1767,3700
6/25/2019,5931,b20c89112c446e285ccf01b1f3e35a72,12830,5559,2.31,134.49,1154,3653
6/26/2019,4510,716f43077a2b9cc27cd6835b55f9c2d0,6077,3642,1.67,215.93,771,1020
6/27/2019,1202,30dcaf9c7a235e1d3b6ee28dfdea6f91,1517,1293,1.17,211.11,486,304
6/28/2019,5218,733ddde6935c44bbe5100395c7fcf0cc,15557,6147,2.53,247.92,1343,2996
6/29/2019,9958,ca85a43a309c789f07ee7fd72961086b,12487,10484,1.19,199.85,5111,1642
6/30/2019,5389,e56a092baac17b6f38200957b24c1801,10778,5249,2.05,154.46,1273,2350
7/1/2019,3327,5deeb1a2742d6108f9954295241e0321,7014,3360,2.09,133.88,979,1743
7/2/2019,9004,f5c396223f8a037f7ce4ac3469abcc61,12705,7922,1.6,224.16,3539,3600
7/3/2019,3931,bbcc94074d491744aefb9d15d2b703a3,5913,4324,1.37,243.8,1148,1597
7/4/2019,8777,23fae2a9f622a2459a462212aa59b224,16090,9642,1.67,213.9,2631,3250
7/5/2019,1197,5b0d751f366b7deeb06ef680de114f37,3077,1027,3,247.67,403,750
7/6/2019,8125,666ffd526ea9c7f70f48ef2488db4854,17166,9353,1.84,128.3,2645,4465
7/7/2019,2930,a5414d74ee7da8a24314eb17c940a637,6880,2659,2.59,276.49,705,1367
7/8/2019,7287,fb5dd06e4569594e91d9b83fa9db7391,21666,8692,2.49,216.48,2401,2666
7/9/2019,9800,031156469231597e49afae6865c2d6e5,25307,9340,2.71,125.37,3243,4747
7/10/2019,5282,6cc4f0ceac84ea8226626d5086a7645d,10468,4601,2.27,192.39,2253,2810
7/11/2019,3511,c14dc2cd622f676fae2dd3024e92ba84,7034,3302,2.13,268.96,1485,1542
7/12/2019,1659,9fed9ed0937adaa469084f8342c28ca8,3838,1619,2.37,279.51,462,940
7/13/2019,3811,d149bfc5696c3ed63af8905bb17cddfd,9137,3154,2.9,152.93,974,1252
7/14/2019,8098,d64d527c16fd3eb1ccc256ff91a779f9,17016,8351,2.04,242.25,2834,4983
7/15/2019,7546,4f38cb633ef2ca7ceb16deaeb0b52b60,17814,7840,2.27,120,3870,3221
7/16/2019,2986,6404daa0c4ca562bbee2f72191e23b6a,3709,3271,1.13,106.71,823,855
7/17/2019,9338,1af757e63066d1237fb567856f3ac0ee,18426,7579,2.43,212.08,2328,1912
7/18/2019,3911,56352dbe5a71221e7be813bf85882f38,6656,3975,1.67,238.97,1665,835
7/19/2019,2734,3f2a1571298f453686af7eb21cd2ac1d,3916,2245,1.74,259.16,1098,1004
7/20/2019,2843,7cff65553ba87aab38aefdd94196df02,3921,3071,1.28,168.04,757,1151
7/21/2019,9680,0a97d45485907166f2d38bbbed739a00,22126,7959,2.78,101.31,2134,3628
7/22/2019,3976,7b1466df37017b6a66e9821e5be4ff50,8518,4630,1.84,195.9,1239,915
7/23/2019,2959,f5c396223f8a037f7ce4ac3469abcc61,4901,3198,1.53,103.17,659,843
7/24/2019,6759,3c1263137e848f395420e68f9827e4f6,13840,6778,2.04,118.4,2584,1432
7/25/2019,7694,65f786001e0ef96ba3a24be931196475,16049,7513,2.14,165.34,3014,2222
7/26/2019,3385,6e9aad4b7e94daac618071e7b565abe2,5250,2884,1.82,187.43,1098,1315
7/27/2019,5736,c9dbd62ba6b10f78cee496b43adf576d,13615,5256,2.59,155.89,1163,3913
7/28/2019,2802,bae0179826dc44a38d9d9ea31ae2b2b5,7301,3215,2.27,216.37,709,857
7/29/2019,9155,1d46ef0e3edc0c872b26332cf058906c,24028,10636,2.26,111.07,2798,5083
7/30/2019,9120,16f95ec93f83c7df20c8033ab8f1c065,20834,7298,2.85,128.92,2095,3141
7/31/2019,7616,443ec71ea1a2ea89f4fc289c593f7f09,16153,7902,2.04,239.05,3445,2064
8/1/2019,6534,08fa644e05fc64f2c38a3fa2271083ad,8558,7107,1.2,128.43,1761,1230
8/2/2019,5061,a77516e5c5378601b7808970134fa406,8695,5301,1.64,227.96,1130,1874
8/3/2019,1262,0e6056478735ac9d01ef1235cc179fb9,1726,1050,1.64,110.94,334,195
8/4/2019,7287,c0ce6d29b407b6b3211a0a72d3ce9c65,21386,6464,3.31,181.48,2100,3995
8/5/2019,9815,aa8846bd0c7895cfbbe152352627214b,14164,8834,1.6,135.48,2962,1799
8/6/2019,3049,75678f9034810547b15910e3cb70856c,4491,3453,1.3,121.93,1547,694
8/7/2019,6423,d58b392a5ba55a50a9cc5d23836577f2,17992,6328,2.84,213.41,1451,2485
8/8/2019,5548,1bc7f0400a41b7123c27da89a12cc8b8,16084,5518,2.91,285.67,2269,4448
8/9/2019,4108,7a39ed20ce7a4ab5971459a65ebb8238,10592,4822,2.2,110.96,1453,2559
8/10/2019,8158,e9675ac11b6641f43a280b32d00c303f,9868,8605,1.15,184.31,2521,2701
8/11/2019,8400,288f6bd0fe8af60aca05282c466ea634,10100,9739,1.04,241.51,4672,1784
8/12/2019,4170,b7561fccd671994cc557a190842cb94d,7842,4097,1.91,192.54,1124,1275
8/13/2019,3255,3ef1192a3682eb376d69b4a8aa958f6d,4746,2798,1.7,261.3,1099,835
8/14/2019,2154,1cb67596272b54b339d03c49814e4110,2656,2524,1.05,135.93,713,275
8/15/2019,5499,a191723bf69dfbe9bd6596979d00c24c,11192,5408,2.07,291.92,1904,2741
8/16/2019,7295,670a4c073f37c6a33b0481d9f34012c2,21137,6366,3.32,177.03,2774,3592
8/17/2019,7197,d1e253f1d192ab438d257d694510fb99,12831,6628,1.94,168.31,3078,2087
8/18/2019,2648,5f1830d022c498f2f6059fce25d734b8,6328,2172,2.91,274.92,980,1389
8/19/2019,6539,15bce0909fef3c5970e86356161ce8b8,15523,6456,2.4,212.77,2418,2906
8/20/2019,5199,0b18e60589761da9a2e48430b45e7777,8588,5933,1.45,203.29,1629,2543
8/21/2019,9445,b27b50e4e83994645e0fdb692c52946d,22391,11083,2.02,245.4,4415,3834
8/22/2019,3557,01e8f194a524a06c457b8c989501574e,5627,4172,1.35,215.97,1723,1253
8/23/2019,6592,b4d1e53cb147cc75f1ec9bb14c8a6689,9358,5603,1.67,132.5,1138,1519
8/24/2019,1098,68e63d31279dbe6bc88f9600d29d50cc,2703,1046,2.58,234.84,347,806
8/25/2019,3200,c32d5687b35b06f99971fe7cd58684c3,4493,2596,1.73,126.69,1175,849
8/26/2019,3961,4fbc5271b702236e3e734639df69208c,11860,4523,2.62,261.17,1569,2690
8/27/2019,5973,6d5b218af23106336ef517a7a38b0fce,9139,5635,1.62,297.95,1653,1145
8/28/2019,5433,6de1e4f0714adeef2df960a7772f5558,12329,5717,2.16,175.48,2639,3040
8/29/2019,3869,985172a265b2cf7ddb958fc8c7903632,7507,4201,1.79,188.95,1036,1154
8/30/2019,1956,7be0fb9190aa5438e9bb59f323e07f7e,2792,1901,1.47,109.29,497,529
8/31/2019,9352,87f28c8ab81ed72dbe8d191691b34712,11691,8627,1.36,102.75,3504,3234
9/1/2019,6699,8876b74f898624be3001e63d0493afcb,15547,7937,1.96,284.28,2426,4572
9/2/2019,7944,176a482ad5589f3964870ea96eac0f94,21068,9419,2.24,125.72,3898,3895
9/3/2019,5493,ae7d0e5cf41e7a6e59c1c2350e0aab9b,14916,5030,2.97,189.16,1244,3982
9/4/2019,5911,6bca54a871ef437664eadc5b942711fa,12229,5862,2.09,263.07,1616,1353
9/5/2019,4987,08d3a49710ca9a35a541020016db9a4a,12963,5930,2.19,277.86,1464,3493
9/6/2019,7015,8eb9fab8d39bc6474366178f9ac3ed71,16914,5625,3.01,203.88,2733,3820
9/7/2019,2218,4a47866d4bfedbd6ae68a9661bfdf65e,5553,2140,2.59,213.01,688,1098
9/8/2019,5496,6a944193bdd890527e0b8731606c110b,11468,4617,2.48,233.94,1390,3188
9/9/2019,5735,d7a427511b201bda64cc8cfb6a55ad03,13420,5756,2.33,292.28,1175,3611
9/10/2019,5555,ca5da4943842a33f10940f7a24ac4d35,14720,4498,3.27,220.53,1106,2346
9/11/2019,9050,4a7daf0d56445ae1881cd6d483be8753,17341,8712,1.99,211.9,2843,4479
9/12/2019,4446,5c9ae8cf7fd8b010b296d77c9b326677,11785,3949,2.98,102.91,871,1413
9/13/2019,2045,54091d4cc19d5313525bc0b3fce4ecaa,4633,2072,2.24,116.19,731,1225
9/14/2019,7893,39fb499873f59c5541329e50029cd11a,11828,9458,1.25,215.43,3182,2780
9/15/2019,2693,98e0d13b36b77c294fa34a98b90eedbb,3351,3016,1.11,287.25,1297,394
9/16/2019,4436,6c921a6191c24310dd7bb45cd7b1411d,8219,5049,1.63,273.34,2009,1944
9/17/2019,9754,1b3ded0491ebf5a7d932bd03b872a5c3,21303,10281,2.07,296.52,3431,4603
9/18/2019,6895,dfc81d0b9945208f46936f4ec7883ddf,18697,5630,3.32,205.57,1505,4092
9/19/2019,4354,288d0689f8c8e6ffd240899cfd416bc0,6223,3843,1.62,257.59,1606,984
9/20/2019,1225,2399e2a9dcb65427701cc5e61a8df56d,3234,1433,2.26,268.08,591,495
9/21/2019,5893,41128bdfa64c654255a3014c464a9d7e,16225,5577,2.91,229.61,1371,4097
9/22/2019,8022,33419abfad60f9e5a9017d5f1ae4f7c5,11802,6750,1.75,167.75,3202,1786
9/23/2019,6600,22a9977c7082588d042ea90d89629b25,18036,7134,2.53,194,1564,3413
9/24/2019,8996,8590152bfb4150f0571bd78825657f19,26849,8274,3.24,271.58,1791,6415
9/25/2019,8683,728a93751aeec33fdcd71e744ea739d2,21779,7880,2.76,159.71,2018,2524
9/26/2019,5642,2d5a118f5c3fb670f876270c26cc2659,14740,6765,2.18,284.75,3199,3226
9/27/2019,8679,2da19f713db08dad75e2453c72500e80,25949,9922,2.62,145.96,3532,5653
9/28/2019,9208,23d02fd548308b1dd965250eb85f90bd,21085,8868,2.38,249.9,3870,4993
9/29/2019,8339,37f21bdef9b5225dba9d9bd9da913b40,14628,9940,1.47,226.11,2667,2545
9/30/2019,3205,fcbd93b97c39fd43163689dad9cbc337,8677,3397,2.55,249.92,1179,1646
10/1/2019,2069,5e49a7d6783e257677a7a3097ed88a78,4771,2269,2.1,187.47,697,792
10/2/2019,4444,9375101d4c2fd50b942f81710e8560ab,9981,3611,2.76,286.53,1619,2611
10/3/2019,2060,2219ef4874bdb0d224261041950536e7,3412,1748,1.95,226.49,361,430
10/4/2019,3327,045ea1cada39659337cb3d1aa5b94f8f,8521,3504,2.43,157.66,957,2493
10/5/2019,4420,a7bf5608ff4ff55024a9ecc31f77d3f0,5953,5125,1.16,227.69,1259,1351
10/6/2019,1301,dd77ef2992da37cd91a1572ae8fc24d5,3725,1365,2.73,157.36,625,1033
10/7/2019,1606,8edab1a0d3cb045dedff8d0384dc2a78,2869,1370,2.09,158.73,466,531
10/8/2019,4170,a613080396eaece5422f14cc3072df5c,5963,3529,1.69,179.92,1133,992
10/9/2019,1699,c7b521869b0dc7524282e8e9483c775b,3391,1932,1.75,270.49,647,950
10/10/2019,6088,6897082f2abf5ea418f647f136091f2e,7771,5209,1.49,200.06,2560,930
10/11/2019,1190,c81b3c2b4e2a091482f687c01ea6dbdf,2894,1199,2.41,235.78,545,357
10/12/2019,1980,a274c4b4e392d3409add71e466ba715c,5593,1613,3.47,178.39,664,894
10/13/2019,3975,8d099489920beee1f86b752f5f936cfd,10760,3308,3.25,152.72,949,3141
10/14/2019,7102,6dfc1a3ba4d379415270d19a6c3cd5ea,10150,7591,1.34,290.93,1894,2300
10/15/2019,2184,398b8915c7ad014fd0388272434aaab0,3117,2349,1.33,220.72,1119,657
10/16/2019,4327,603f7148dc05bd629330e2635ae13b34,11527,4052,2.84,286.79,1324,2779
10/17/2019,4394,98601d8738eb89b539102f39e4f90e46,12582,3894,3.23,140.68,1104,2308
10/18/2019,9319,c457718a5a81a1cd91df633f0e503a5b,18910,10488,1.8,129.38,3579,4758
10/19/2019,2816,de55b69a1218cf2ff65c59d4ffdb91a5,5908,2497,2.37,271.16,1187,1055
10/20/2019,6854,afe6e18a4b96321e9d32346b5dd3090d,12151,6969,1.74,236.18,2203,3223
10/21/2019,7709,056dc6c2b0d6df8b7779f24d02549791,21659,9152,2.37,137.32,3375,3323
10/22/2019,1569,58a047a85e612f90d1e5035d951db126,3704,1347,2.75,153.87,594,576
10/23/2019,6442,a6e136ac2490a2ebeecf4e4c394dc27a,11072,7578,1.46,260.13,2486,2264
10/24/2019,2895,60f30e18dddcaf5648e7c9ebcaf7188d,5030,2527,1.99,190.77,682,936
10/25/2019,3733,a11325410be5990954764ff9f613fca9,10467,3833,2.73,234.11,1910,2403
10/26/2019,4863,44e4639dc54834949b70e67c6346489f,5954,4623,1.29,163.67,2251,1029
10/27/2019,8455,148b35ae7fccd373679e2a1d491d55b2,15057,10027,1.5,176.25,4542,2200
10/28/2019,5014,a4e932fc661e40794b61f34780c0702d,11019,4559,2.42,298.14,1853,2137
10/29/2019,2686,8a4d0177f4492092466c2cb646131386,3939,2578,1.53,149.52,743,835
10/30/2019,4009,89391eac50c48fca14e051f5a72c3c4f,5475,4783,1.14,201.29,2267,703
10/31/2019,8806,22909968b30e3b9a7c0a62600b93a820,23489,8934,2.63,268.88,2525,4964
11/1/2019,1154,3ebc58dceb65b5fb333feab298ff3abc,3242,1155,2.81,147.84,508,531
11/2/2019,2409,9d2d771440cfb552d5a7de9fc254f6cd,6462,2175,2.97,183.04,1034,1153
11/3/2019,1784,4a17518597c8f6e5d4b3c5293df5f02b,5026,1927,2.61,223.02,734,783
11/4/2019,9096,b8c7ac53addb404c23a94f5e4db729b0,19971,7329,2.72,196.24,3231,5717
11/5/2019,8560,db42a7236c3bacbec34fc0f164830973,22787,7017,3.25,191.9,3070,5393
11/6/2019,8343,79a634a866c98636fb07c415f4b45a4d,15778,8674,1.82,172.5,2237,2406
11/7/2019,8206,8cf691cf50805f2b98f73bbc1d05eb87,19688,7686,2.56,217.33,3077,4508
11/8/2019,6596,8a0b8a5b3731e2d6bb3bea5336ac053b,19655,7792,2.52,224.87,1776,5301
11/9/2019,6801,da106492ab50ac972adf050a16624ad9,10924,7897,1.38,230.66,2782,1969
11/10/2019,3806,9f2380a2c2477b2e784a374ae902caba,7238,4131,1.75,114.07,1027,1925
11/11/2019,1537,6e427c7d3f8f8525b7ab5fbc31164e57,3172,1732,1.83,226.21,562,415
11/12/2019,6986,a0b713fc03939e659e82234bf130ab7f,10118,7453,1.36,290.65,3353,2676
11/13/2019,2841,4eaf1f661566706bfd621d0916e5fcbe,3823,2415,1.58,208.2,1198,795
11/14/2019,9716,809789fc9f191db5535cdc6084d7560d,26170,10748,2.43,243.05,3174,3784
11/15/2019,7971,c0474b77b5a05f93cbed3c777ebbb762,23580,7046,3.35,211.35,2533,4278
11/16/2019,6625,9c0d914d7154e67059429d44fcbbe6cc,12776,6157,2.08,270.95,2175,3802
11/17/2019,3950,7107a5cb36ca347fba5485f7bed9b677,5363,4454,1.2,285.92,2166,1376
11/18/2019,8992,945b2fc69b055775c27336bd03104784,11855,9123,1.3,136.84,3134,2549
11/19/2019,5780,8eb9fab8d39bc6474366178f9ac3ed71,16209,6612,2.45,187.37,2709,1994
11/20/2019,3368,1f8c6ed3ea31585e5a6805c032794a30,6853,2981,2.3,178.48,1420,1258
11/21/2019,7655,a6806e5fa8f3d769144dea03d6d4dccd,13595,7985,1.7,181.04,2491,2074
11/22/2019,9173,e769ea64edb538422d0207d2acca3a58,18874,7645,2.47,125.1,3598,2155
11/23/2019,5495,105038a01c756cc60944731cf8031387,9742,5809,1.68,262.72,2760,2030
11/24/2019,7002,4c016958bec12ffa9e2b77bb7e143a15,14566,7737,1.88,107.15,3707,4046
11/25/2019,7614,af6d43673b8386c49e352847a967fd7a,20917,7872,2.66,205.65,2213,4918
11/26/2019,6919,edfcc3e6face7d6cdeb0af4dcc2ffdf3,15679,6272,2.5,232.38,2007,2350
11/27/2019,1853,7b4fa15e901c9ca32c0061fb1e9f6537,4540,1505,3.02,141.49,694,974
11/28/2019,5146,c6da349af79c933aee2d7a42d399ba19,9553,4362,2.19,281.17,1342,2757
11/29/2019,4769,619aef62cb0e9ce4b6b1a4b4ef602ce8,12062,5002,2.41,267.71,1901,2950
11/30/2019,1574,70490c1c939bffb9bb2b372b07833cb4,3777,1847,2.04,194.22,434,898
12/1/2019,2148,2fa23f77ea386f16564bfa08b217c165,3039,1895,1.6,182.23,411,892
12/2/2019,7293,a8df6568c39c05cdfb129bb7531246c8,16268,7978,2.04,147.31,2581,4226
12/3/2019,7457,db22cbf32f5fa7d04a444295796b78f9,12394,8550,1.45,246,3194,1578
12/4/2019,8509,533930ec2cad893dba1f2586d502418a,22526,8580,2.63,126.35,2726,3818
12/5/2019,5777,aa878793ac0ec92c0494e9590e9574cb,11361,6168,1.84,236.05,2302,3329
12/6/2019,4854,63e2cad8deca6fd9df6545c8264ca6ba,14515,5465,2.66,268.49,1937,2873
12/7/2019,3491,9999c7449efbd2abd4d31f436546cca0,4770,3156,1.51,145.69,1280,583
12/8/2019,4124,601820f7d24ea1228e8b8f2020b3e9f1,10741,3788,2.83,273.29,1496,2059
12/9/2019,6691,4b959c0a3e88c28985cfc6ef2f713fe6,16143,5354,3.01,106.66,1752,3864
12/10/2019,4051,eec76376640900a6b06b1855b874db75,10457,4801,2.18,282.56,1572,3132
12/11/2019,1004,c4ee48a02d8bae24de85eb3ca15e16ce,1760,1171,1.5,123.67,283,290
12/12/2019,6222,c4cfd1785fc353d4a27ec358b15584c9,12977,6880,1.89,229.15,2435,2632
12/13/2019,6315,9e582fd8d350e4cc13f78080ef7856d1,16631,5251,3.17,150.02,1975,4589
12/14/2019,5869,a6ba1a7b40cd4af014ed3167f05da6fb,9499,5745,1.65,267.31,1970,1624
12/15/2019,1876,9d5c51d342463417ce4776d6cc10c985,3014,1577,1.91,202.46,469,367
12/16/2019,8027,350529a038b3916f60c0aea3374855f1,17594,6472,2.72,127.05,2695,5098
12/17/2019,5142,600c9cf65f8b41d506a497fc68ff0ddf,11016,5380,2.05,214.2,1196,2177
12/18/2019,7966,4248a14bdd6c6cb19908791dfe8a3034,13606,9434,1.44,181.58,4475,2728
12/19/2019,8079,3636781eb21e9f91fbf3e15be6f3a792,14029,9380,1.5,232.29,1934,3145
12/20/2019,8987,7b1466df37017b6a66e9821e5be4ff50,15278,9694,1.58,276.38,4737,1538
12/21/2019,7799,288fbab8ce087d5e3c4f95e97f1f7f0c,20189,6540,3.09,181.88,2215,5778
12/22/2019,5465,bce4cca2c8867a89a4a01353e695b8ca,12970,4971,2.61,157.98,1609,2234
12/23/2019,1635,10fa268c5e2c0bd66c95afdfb2218a0e,4411,1517,2.91,102.9,420,791
12/24/2019,2693,a0f154c798d527e0dbd0588a9dd9f805,7960,2976,2.67,214.97,604,1073
12/25/2019,5752,0af19a1d9258ce39a8527107a9356259,11811,6447,1.83,180.45,1820,2074
12/26/2019,9311,fa06278fbd976c43f808f19de95f8837,12290,8883,1.38,174.93,2068,3205
12/27/2019,1830,ebfe79cbdd961f376414d038d84ce928,2354,1769,1.33,136.59,704,612
12/28/2019,6177,7ff9b1f96e55e0cc9423c9fdfc5adb3e,10699,5051,2.12,186.01,1493,3072
12/29/2019,9932,ca512f0ffe948b1efe77b72b958779b7,28590,9094,3.14,296.89,3911,5164
12/30/2019,9308,542860aeb32151b106d592a72e3c2b85,19935,9126,2.18,159.55,2391,4819
12/31/2019,6949,fc6771f17e9541821e2d335dc35aae5f,11738,5884,1.99,219.94,2766,2364
1/1/2020,3838,5cf7054e27e1d70b88afdc2830f1010a,7363,3766,1.96,255.3,1344,1920
1/2/2020,2150,27cec59c016170155eb26c255fbbbe44,4896,2453,2,249.83,575,1187
1/3/2020,8560,30929b07f818385e1f97281c94fb0827,20332,8838,2.3,165.75,2830,3529
1/4/2020,2931,a68a7f83b33942ed85ab84c52d952862,4329,2437,1.78,222.17,638,724
1/5/2020,2664,f961f772decd1fc466e197d1a771a546,7881,2335,3.37,274.25,606,1186
1/6/2020,2081,bb4df01c474d433f2ca6e8213e12a0f1,4537,2059,2.2,103.09,724,977
1/7/2020,1512,2dbe5f24b77663296ff51d0c43a4b8c6,2183,1428,1.53,187.15,573,639
1/8/2020,8805,968c288a9f9b835e355d9a32ed947bf8,24729,8307,2.98,144.85,3933,3462
1/9/2020,6237,4356aade4ee85dc262cd3142f7d0f14e,8322,6310,1.32,177.73,2212,990
1/10/2020,1559,082259c29e6e47406e67e4440f6bc144,4418,1611,2.74,183.2,789,547
1/11/2020,4672,945b2fc69b055775c27336bd03104784,13987,5226,2.68,249.33,2521,3589
1/12/2020,8404,35089c2a23493eaef78b64b18422c981,20680,7869,2.63,118.76,3616,3516
1/13/2020,4343,51f6f2d6dd05e04a90b0f9540a71d2b1,11234,4873,2.31,202.52,1705,1627
1/14/2020,5070,3c610753dfb32caf526dc45f4c6d6987,9162,4742,1.93,212.84,1149,1562
1/15/2020,1580,c36ca78d0193d38bfda3e7f1b4e84994,4573,1299,3.52,198.83,344,1047
1/16/2020,8004,ea75b43b0b24e58b4445d70c0e9915d2,17236,8177,2.11,246.37,3224,3608
1/17/2020,9130,546823300c85d05e0d4539cea6d20df8,22992,9451,2.43,176.76,3086,5718
1/18/2020,4147,28b4a57b127abbcf47587cb556cf3c8c,11874,4867,2.44,288.99,1187,1992
1/19/2020,5249,542917e974bad24a406482220f199dde,15512,5723,2.71,196.36,1967,2953
1/20/2020,2679,dd52dcbaa1daa1a7098861eff83fa69f,7232,3126,2.31,214.24,641,870
1/21/2020,4506,acc97f379163f39d341694dee88ef509,7864,5242,1.5,265.11,2202,901
1/22/2020,8253,61df4ff31aeccecd8d627d173ab80950,24262,8598,2.82,155.05,1909,4669
1/23/2020,3744,05e1d9c6081e82f2f1feeeeda7a5d356,8725,3785,2.31,115.04,1471,1398
1/24/2020,6188,38e4c9927dd5d711fd51727161814ab1,17791,6330,2.81,241.56,2772,3959
1/25/2020,3141,1705deac6b8135848e53f1dbeabfa02d,7591,3741,2.03,196.6,897,824
1/26/2020,7617,b7c0e94be68f3f9e09db8ba57d53e6f4,13352,8449,1.58,279.3,3004,1660
1/27/2020,3479,c4ee48a02d8bae24de85eb3ca15e16ce,6491,2931,2.21,296.54,1271,1772
1/28/2020,7484,642a37bc1aa87c26b219683eafe4ba71,16396,8317,1.97,179.82,2313,3496
1/29/2020,8421,9389e9f53c41dfbd6b3e64c27614fdcb,22080,7311,3.02,183.09,1819,5352
1/30/2020,5452,41472bce5ef3e633b308d92aaf077c81,9662,5337,1.81,181.59,1606,2593
1/31/2020,6881,05182b4e20549f203421dc47c602bd6e,15437,6084,2.54,164.91,2229,2975
2/1/2020,7665,d1688bd0a4d444fbb736e7f66206a0de,13966,8246,1.69,256.34,3072,3522
2/2/2020,3849,323a4ae0f3b627d2245b6fb51fc6bfac,10270,4429,2.32,251.8,1059,2104
2/3/2020,8390,762bc233554b5d73a52921c03cf7d446,17116,7686,2.23,195.73,2592,2474
2/4/2020,7905,a201980832844933915e277221ec7a29,10577,6583,1.61,108.93,1846,1772
2/5/2020,3489,41472bce5ef3e633b308d92aaf077c81,5229,3207,1.63,161.91,1451,1035
2/6/2020,5611,fec7eda100289220a9c93b0b06a2699a,7350,5997,1.23,158.46,1763,1200
2/7/2020,3839,ce63af4b9eb8ec149bb78693e54d5cbc,8057,3576,2.25,262.22,1614,1346
2/8/2020,9527,3bafed76d9c48af9cd3fa9a7f60ea59e,13255,8681,1.53,117.52,2852,2220
2/9/2020,6878,ce914a313af263f42065c63d74229485,9666,6009,1.61,261.14,2511,1204
2/10/2020,7303,6b2a66077b45fb1b1624e7bdd0b88ce4,21134,7295,2.9,233.84,2575,2471
2/11/2020,1851,75501a4f023569b63060f762547cf54b,5128,1685,3.04,246.49,651,560
2/12/2020,2687,29c940ac2b6c42838537f0e880a1f75e,5410,2935,1.84,186.44,935,661
2/13/2020,7833,2765e68db921a7b2a62a87c6a8461c25,23298,6506,3.58,235.95,2800,3931
2/14/2020,3427,09249915cb03423313d1e9b79accde29,4113,3651,1.13,221.81,1196,899
2/15/2020,5000,c393715c663b66e9ac59fee9058dd30c,11525,4475,2.58,253.8,1509,1586
2/16/2020,6052,051732c472ad52a3916ab431162b5384,13977,6026,2.32,189.35,2141,3880
2/17/2020,3738,09cfd4a4791c04b69934285d141bc1c9,7563,3418,2.21,194.57,1536,1979
2/18/2020,6732,1f47907e94e5d6453f4e37106d97777d,12888,7331,1.76,228.72,2916,2630
2/19/2020,6387,48ee02eb75a7a051ffc9c22010196c65,12899,7524,1.71,121.62,2293,3158
2/20/2020,9002,944d23231703a6e926925996a5a29a4c,17526,10503,1.67,187.25,4213,3036
2/21/2020,6536,8bf018c8f1147e3b95c90cbc907eadcf,16437,6754,2.43,294.39,2652,1764
2/22/2020,4913,99908397a726471b443b37d40b39d1ae,7092,4839,1.47,107.51,2319,1992
2/23/2020,2066,99652e63f281ba8d7fa033119550ed10,3214,2329,1.38,163.2,1053,403
2/24/2020,8723,0b9990830bd2d06c3c1f85f075f57314,13301,9362,1.42,162.82,3691,3852
2/25/2020,5380,9861f07e842ff9a2e54417d7825f33ef,8997,4699,1.91,226.69,1421,1928
2/26/2020,5107,6cc5c6759e5aadbeed50e1b70299c746,10956,5762,1.9,121.16,2500,1765
2/27/2020,6726,45ba40e5415d60767cb1352e84ff1ccb,9417,6534,1.44,225.71,2434,1875
2/28/2020,4373,4b193ac73a0a1c8cd29b36d8906e2838,12081,3828,3.16,119.01,1897,2420
2/29/2020,9945,39bde623a98744f54cc4a1cfc83189f5,17257,9076,1.9,118.99,2489,1806
3/1/2020,3082,d3663decaa91d220a60104b8e04f5e4f,4600,2795,1.65,245.64,625,787
3/2/2020,9967,3f22065be1b6937dd6e7c09c803ca0d6,24081,10043,2.4,164.83,2219,5971
3/3/2020,7748,e2d1207baaf8c2f398382875af357a20,9828,6924,1.42,295.48,2714,1985
3/4/2020,1417,baa646d9fd27469e8e944ca8b41809e4,3281,1203,2.73,107.47,579,488
3/5/2020,9306,2d91d8c6f64e77b158da484b3ed629cc,22862,7905,2.89,189.02,1585,3818
3/6/2020,9808,be98660a17c81c21b01cc2fc2dd1e80c,15563,10134,1.54,122.63,4233,4242
3/7/2020,4974,f1bab093d6a00c25072fa2228dfcfbc5,6344,5441,1.17,170.28,2160,1301
3/8/2020,4267,63579d61a8f8672cec02997b84219250,7913,3962,2,299.64,1662,1627
3/9/2020,1825,dc5c3ba1d4e6235859c65b019ae3e3af,2513,1485,1.69,277.77,455,734
3/10/2020,8668,3c72f0050e8b2d2eb5f06826f3cbe042,12218,7375,1.66,109.66,3290,2006
3/11/2020,6745,9ac9eba0a9d8b32a35abe21fa0e6ff7f,11180,7863,1.42,212.65,1678,2190
3/12/2020,1412,57f2baabf50b4c8f8d6fb0619494c95c,2445,1408,1.74,229.56,600,641
3/13/2020,8543,60bfcb2dc54117f0a04c036d5fec52cd,18401,8384,2.19,141.91,2348,4633
3/14/2020,8587,15c481af96800b6be370b96ca03f15ac,20790,7000,2.97,129.02,2401,3184
3/15/2020,1728,6bb6635478aad68bfd2b8740a721d5c2,3917,1886,2.08,280.88,842,510
3/16/2020,8164,4952e1272db6774c4c3ce88f248a7ba9,11976,8255,1.45,293.76,2323,2876
3/17/2020,9867,66c7af7c00c7a6ffe4382120712d53e7,14896,8691,1.71,298.38,2221,2257
3/18/2020,6988,f41e1837ad63fbb791e27e4ac2cba4af,19439,5898,3.3,257.95,2385,5531
3/19/2020,3504,c112eaa1efcedf353eab14d879c837d3,7726,3340,2.31,232.7,1202,972
3/20/2020,3967,2586aab0128b72d6f207156d28fc66e4,10972,4502,2.44,169.15,1595,1795
3/21/2020,3786,467a3e711ba7994a8f5ba2e82264672e,7075,4339,1.63,134.28,1202,785
3/22/2020,2122,4dfe9274809b5503cf7560cac634cd95,4893,2209,2.21,115.8,464,1177
3/23/2020,5079,1f5badb9d769bd39c6df629b5b26229b,10882,5541,1.96,238.66,1790,3028
3/24/2020,2571,0214efa52d64f231e7741cbe480feaf0,4562,2175,2.1,256.94,504,1036
3/25/2020,6073,70250f5bee57a8e9a8dd0eef3d4c26f1,12424,6287,1.98,265.29,2966,3572
3/26/2020,6104,3b86c9b6f12137a2c53cc03fc0a19823,12845,6511,1.97,282.75,1382,1614
3/27/2020,3143,de55b69a1218cf2ff65c59d4ffdb91a5,4907,2766,1.77,275.99,911,576
3/28/2020,7806,cbbb18e6f6359c24812500fad615599d,13793,8992,1.53,299.95,1939,3692
3/29/2020,8357,8b7046956e90a8021fc5729396e33342,21933,7337,2.99,148.81,1677,5946
3/30/2020,4440,e433bfbae64b00e1346e5dbbdcba58a3,12646,4108,3.08,252.66,1633,3366
3/31/2020,4766,9164cac6acda36da4910eccb8cb3f367,8805,4995,1.76,217.29,1969,2287
4/1/2020,6644,bd9136e5bb98f90fba98070573a5b25f,11643,7011,1.66,152.25,1471,2007
4/2/2020,3914,ffdfa21e7306f46de7cb4772bcda499b,6072,4226,1.44,296.38,846,871
4/3/2020,5968,7fe7bc5c2d9b533e07b8cacf561ea64e,14450,5041,2.87,279.58,1127,4129
4/4/2020,6917,6881037fcde1e6ef49678f4bece5e63b,12323,7883,1.56,125.7,3381,1988
4/5/2020,9787,e8c40e5eaf9b99fd6cd4fc7ceef7acb5,29145,9915,2.94,105.23,3722,5236
4/6/2020,1728,e3045209bc7094bdd759bc83c3158baa,3086,1708,1.81,237.67,361,740
4/7/2020,2365,0b59d49936c3e913d7691efb801808af,4515,2820,1.6,220.83,976,716
4/8/2020,5492,70fad3db801812ec577d678002976ef4,12554,6020,2.09,287.16,2489,3312
4/9/2020,1698,8a373ff5aa5235d94510fd9f76f2d1d4,4487,1438,3.12,146.8,662,511
4/10/2020,8186,65ac282b9af6196e74dd53d23f341221,16741,9026,1.85,116.88,4334,4323
4/11/2020,1395,676292844f66cdea86748ff6a71eade4,2735,1169,2.34,151.84,348,602
4/12/2020,8400,ca0ad461ffe0a6b92ebc2d1661ba6790,25134,6812,3.69,103.79,1640,5393
4/13/2020,9082,3c1263137e848f395420e68f9827e4f6,11069,8731,1.27,107.18,2367,2121
4/14/2020,5171,05a9a3df12d312760720cb2d3f8b4cb2,14536,6191,2.35,282.97,2680,2259
4/15/2020,5360,50f233af425b5a483d6e4ccd3d3e4e25,7870,4662,1.69,170.4,2291,1517
4/16/2020,3502,a1f246a95d7d1dfb1d2b63ad6312c0df,9156,3743,2.45,182.16,1272,1739
4/17/2020,1717,c8c5de4712df801fd7e40bb61a10442d,3970,1492,2.66,103.67,435,860
4/18/2020,3782,329b074c908b3e99f9dd2f90661b07bc,6865,4122,1.67,154.1,1355,1073
4/19/2020,5946,e7d326f1a74f3f602efc0a91a9ccb5cf,16488,5958,2.77,260.95,1736,1904
4/20/2020,6486,724b55cbf856630c3a80156c68261994,7933,6952,1.14,223.1,1925,1023
4/21/2020,9335,566d80aefd56c8a0040aecf95957e07f,15011,8225,1.82,250.76,3110,3600
4/22/2020,5980,ca4f226be5139211b883beb7173a689a,13278,6567,2.02,189.44,1344,1387
4/23/2020,8266,481dfbb60357b1b63041bb94ad1d42a8,15149,9904,1.53,161.95,2752,4109
4/24/2020,5491,8311a0102f7e6030080d03248c9eb896,12622,5854,2.16,196.56,2332,3015
4/25/2020,8192,5c7b4d9842b2cc00764fd420a513062f,10185,8170,1.25,164.61,1712,2583
4/26/2020,6588,f7161919a2a2d47acc97b9d970786520,9286,7703,1.21,267.79,1732,2481
4/27/2020,8651,c82ca2b9d534eb152253a8cf58a5b17b,12360,6975,1.77,159.53,2009,1539
4/28/2020,4636,32b610233ee8a07937fe73c967642a4c,7142,5062,1.41,231.95,2345,1889
4/29/2020,2167,fb22c29497669114d6ca1c0d548bb1dc,4392,2503,1.75,127.4,1075,882
4/30/2020,2062,e558c3a049cc2a97a2c9a33ba7ae7513,5266,1700,3.1,237.37,351,1459
5/1/2020,3156,ce252922e9ad67947020234623fe5e87,8931,3092,2.89,282.66,1084,2476
5/2/2020,8860,c8dc4c02654d52102eaab21f3bbc5970,23954,7813,3.07,221.72,2206,2511
5/3/2020,6161,8cf32f3b3b0f3f670f8df89458d26507,9576,6324,1.51,211.97,2495,1690
5/4/2020,6305,756ecd8e75d824a69d112fc4969a7d83,12572,6682,1.88,292.22,2782,2580
5/5/2020,7541,476e34a0fc734cfcdfa2eb3f6ad6a235,11755,6945,1.69,225.48,3187,2770
5/6/2020,5729,133559e3767843821b1ccc374a0d93f2,9602,5637,1.7,151.91,1931,1509
5/7/2020,8330,b129548015f171c3b84f5dabb604f185,17546,7594,2.31,158.48,3784,2639
5/8/2020,6334,fa844923946f7e37f5c1c4536f2cbf6b,8377,6003,1.4,241.06,2965,1476
5/9/2020,9924,0e6056478735ac9d01ef1235cc179fb9,15806,8572,1.84,247.09,3983,3164
5/10/2020,5330,f0213ba0a17be770bcc6ae719368dfcd,15370,6152,2.5,160.7,2291,4460
5/11/2020,9010,b146848402da75f082c8012111fe13e4,18371,7244,2.54,169.07,2313,4637
5/12/2020,7801,07d0c5e96cdb9231b78e18ba420c4882,15615,8994,1.74,298.21,2782,2902
5/13/2020,5846,d15b7b1e4516241cc09c9be2610cfd76,7168,6013,1.19,120.39,1224,794
5/14/2020,7731,d76852c9a84c51901ed5677a71d61646,12719,7210,1.76,180.93,1981,1700
5/15/2020,8241,a96e809cef213e527c7b31da806a502e,22739,8976,2.53,112.49,3730,4347
5/16/2020,1953,17cb47446b51e0272c0ea526200b671e,2922,1959,1.49,264.22,746,767
5/17/2020,3539,0e584455381dec1495bac08c55589121,6891,3537,1.95,118.47,1680,1213
5/18/2020,8056,786db4e0196b774b2b432f25d5d14e7e,9875,6799,1.45,234.8,1461,2051
5/19/2020,2542,3c940236d0f5537ea58000a37447114c,5239,2429,2.16,111.3,599,1458
5/20/2020,6293,f2e2784e0c34ec60ff04099710363c24,7789,5641,1.38,234.57,2463,2202
5/21/2020,2191,bc4310140ed984988605a5bc2913cf18,5861,1766,3.32,268.61,543,839
5/22/2020,7313,209d4451f8d43e0ddf1fd9ffdd43e878,19633,6903,2.84,179.76,1625,2134
5/23/2020,7938,f86fd4eb43b1d5a93b2ce8c96908ebf9,20781,6635,3.13,204.43,3310,3347
5/24/2020,3681,c9b2859a9d75f0854688f760fe8091f0,6294,3322,1.89,180.31,1449,1505
5/25/2020,2540,38a1e6a2926f0df47909599ac8fc3936,6875,2125,3.23,160.1,685,1995
5/26/2020,7172,d1e253f1d192ab438d257d694510fb99,15616,6027,2.59,260.65,2694,1802
5/27/2020,6541,dde24bea3e605ed9006a422cd7ba972f,12250,5753,2.13,154.4,2325,1294
5/28/2020,2365,c76945a326f94426b6895e005b142b98,5500,2837,1.94,244.59,1240,1522
5/29/2020,9691,439724082f0153b9710064fe3d42a97c,11844,7761,1.53,141.24,3450,2956
5/30/2020,9702,da85514a2116d7438a605419848eab08,14139,10240,1.38,149.97,2308,4219
5/31/2020,8494,042e0823856093f944c7da7b6c402118,21541,7275,2.96,167.29,2814,3863
6/1/2020,5312,44cb5b0b8b76a0f3b69b6650753ed498,8708,6205,1.4,217.83,1253,1595
6/2/2020,2324,bc7d70b9db545cde409e7c0d00da0cfb,5290,1946,2.72,190.88,414,711
6/3/2020,4141,02a8a45bdb9382fc9a1cf744e637ecfc,7839,4894,1.6,249.03,2306,965
6/4/2020,8419,75ba99c9686d320678d642e699e7ebb7,23056,8792,2.62,142.71,3150,4974
6/5/2020,4486,44cb5b0b8b76a0f3b69b6650753ed498,13073,3591,3.64,102.13,1511,2259
6/6/2020,2810,eba7a49b60abb2ea0be3c6cb380ea7ac,7841,3252,2.41,255.31,1468,910
6/7/2020,7588,644cb27436314ba3695cabb93c1512ad,12801,7653,1.67,264.33,3711,3551
6/8/2020,3923,d15b7b1e4516241cc09c9be2610cfd76,6078,3550,1.71,111.9,1636,849
6/9/2020,6301,23fae2a9f622a2459a462212aa59b224,12942,6974,1.86,222.18,2406,3231
6/10/2020,5186,39e3c80c09132dc9c86b09a35320256a,6291,6071,1.04,175.64,1826,984
6/11/2020,9905,f6dde3adbed2e951335bfc62a510dcea,12346,9840,1.25,258.78,2424,3241
6/12/2020,6977,0f4cb6cf5b6eb4c9066e08550ff0c719,15320,6462,2.37,274.88,2068,1894
6/13/2020,5268,c1c75a85f68cb86dbc1c61d5c5bb6a72,11256,5876,1.92,270.2,1821,2827
6/14/2020,5748,aec7aa13e839af33ca377f76bb12da1e,17187,6165,2.79,255.44,2268,2056
6/15/2020,5849,5cb2133c0d3770b0883a61e0749e36d9,9143,6758,1.35,153.81,2701,1731
6/16/2020,4709,42300b302c4eeeb5fba0cadee65f447e,7838,5071,1.55,262.38,2502,1934
6/17/2020,7619,2b08e379e1e29e4ff363ef5328f8a38f,10699,6837,1.56,206.7,2861,1440
6/18/2020,9647,ed4b342cfbb9148ec58da784bc63abdc,27509,11312,2.43,110.55,4447,4322
6/19/2020,4072,8a4e9dfa13439e5c09f6522e642d8f37,10587,3428,3.09,191.39,1030,2889
6/20/2020,7530,a3146e0c73b9971365aa6abda4c736f9,20181,6831,2.95,288.43,1436,5590
6/21/2020,1504,0f68200f38a69e0b5414254d2397519a,4248,1516,2.8,277.57,434,463
6/22/2020,2214,f9bcac841503894e90c229df788b0b19,4748,2272,2.09,120.45,978,634
6/23/2020,2531,4c62495f9fe0a4487c500624b8338b19,5092,2040,2.5,248.83,533,628
6/24/2020,8576,51d6c1c3c731a249cff09bfe71098e1f,15391,9538,1.61,261.16,3945,2092
6/25/2020,1823,cbca2d9faa1abbbf3654993bde5517d7,4121,1722,2.39,154.28,643,1211
6/26/2020,1928,d0796fd596f8d151a9e79286f7faa04a,3890,1855,2.1,194.32,466,818
6/27/2020,6029,679bac4a80275d564eda274467a4bde9,12135,6775,1.79,242.2,1886,2349
6/28/2020,1133,3490504d901ce6922a0cc57ea3c67825,3270,1078,3.03,187.81,376,970
6/29/2020,3105,534e543192cb91a871b5846a0a65b7e2,9225,2542,3.63,122.56,827,1950
6/30/2020,4627,792193e2eabf8bd6430b0fe9ff8da458,12185,4028,3.03,241.18,1746,2829
7/1/2020,7316,f924305ceae6ab986c91d9dcc116a457,18744,8650,2.17,282.33,3635,3122
7/2/2020,2852,0afb21289a3af88a51b03c588cea25ed,6916,2361,2.93,230.5,879,1220
7/3/2020,5910,90645c5d9f167d6ee08147e669da57c0,8858,5567,1.59,254.76,2486,1939
7/4/2020,5175,46fdc7d662c18f8972fd2215498e3e6b,6760,5181,1.3,171.67,1910,770
7/5/2020,6348,968c288a9f9b835e355d9a32ed947bf8,15510,6330,2.45,136.64,3097,2344
7/6/2020,7190,ca0002ecb2332d61391a852df1b6cfda,18059,5763,3.13,228.55,1528,2516
7/7/2020,2256,aae8fa90014f9fa85750c6f9c3f8c113,2897,2257,1.28,165.55,934,299
7/8/2020,4376,4fdd03aef92d39008fa7a95eab5e2e5c,12561,4172,3.01,272.01,1297,2604
7/9/2020,6645,b7d08d63a7a19fee77d8e3d1a50affe3,9064,7899,1.15,124.53,2241,1923
7/10/2020,4486,5b8b14ca093d9cbaee91967ef41adf6d,7691,3874,1.99,186.69,984,1359
7/11/2020,4584,b556adf0a118357515191a1a0d998c26,11048,4316,2.56,179.35,1578,1698
7/12/2020,9053,9b6d85d3c7fdd0788fc2daea8a0fbc63,13631,8761,1.56,287.61,2318,3140
7/13/2020,4330,f42051b14b8f771d798eff11ea745082,5627,4140,1.36,130.63,1077,714
7/14/2020,3703,17dd97a96ab7ab4263a185fce0577ba9,6650,3948,1.68,101.97,1963,1354
7/15/2020,9662,6fca4a280a59e806d9358498a240bc65,24915,8562,2.91,147.62,3771,6319
7/16/2020,9120,b6859d89101dd3d33857187e3ab058b1,17734,8102,2.19,264.06,3439,2356
7/17/2020,8114,39e3c80c09132dc9c86b09a35320256a,19273,8857,2.18,141.86,3881,4830
7/18/2020,2353,32b8d162a5483a1edf0f431ae819fc98,5278,2353,2.24,148.18,1154,1331
7/19/2020,6063,32d39738ee98a3b0972973a36d9fa66a,7518,5857,1.28,125.98,2178,841
7/20/2020,9549,239e8da3770ca9e719d967cc101478d5,28450,8285,3.43,243.09,2204,2951
7/21/2020,8575,21d56dda69dca2cfc952f3b2b4dcb6e8,10929,7503,1.46,113.83,3441,3221
7/22/2020,1667,c93a149fb3fe199598088310179965b7,4904,1340,3.66,166.24,566,680
7/23/2020,5468,3d8b41fc9020075a1dfc6bc244e3e1e3,11973,4574,2.62,156.5,1483,3166
7/24/2020,7819,4070c04c3a97528f5bf9a7aa1fd128be,22938,7996,2.87,211.03,2735,4871
7/25/2020,4719,55cecf1f66e86d7b1148af4877ae101c,6637,5458,1.22,246.08,1765,1014
7/26/2020,3745,c49f46f2322fd74a9f03de68ae0bba39,7799,3426,2.28,206.58,1641,982
7/27/2020,8483,6009f44f50c323ce336afacfe4688c5a,12767,7898,1.62,286.21,2393,2545
7/28/2020,1539,9843ccd27328ff0250c06bc6c8fd967e,1988,1302,1.53,290.29,636,360
7/29/2020,5964,ac28ec96e4f54d83ab333de8fe830dfd,13786,5698,2.42,172.29,2695,3305
7/30/2020,5835,da04569af71a0ef4fb314b809e854417,9184,4754,1.93,255.54,1850,2579
7/31/2020,4775,3f8eed9bfc2859027d3289c62f187bf8,10781,5572,1.93,247.76,2083,2814
8/1/2020,7042,e20601683936d2c65a1b4d73f83f7563,9874,7529,1.31,278.59,2341,1529
8/2/2020,8102,ea9b75515e590a1b7202602e4826a5e6,14563,9692,1.5,189.59,1991,4016
8/3/2020,8312,d68a355f970913e6abc6872674ab2fe8,21668,9584,2.26,206.09,2283,5778
8/4/2020,6320,636da6c70aa2c4d8007595e921fdddf4,12555,6251,2.01,183.15,2664,3588
8/5/2020,7132,beeccb1686695c482782907c95cc260d,16617,7188,2.31,270.08,2454,3186
8/6/2020,8891,ec668baa050da3ec199c7a36448e6eac,21030,7790,2.7,145.94,1908,5335
8/7/2020,3779,165e3f85faf299e7ebd08fc7c30817f0,10274,3721,2.76,147.94,1039,2243
8/8/2020,1924,89bc26cbb8135ac7ca57ac78cb030774,3434,2234,1.54,174.52,1082,556
8/9/2020,2581,8cf691cf50805f2b98f73bbc1d05eb87,6290,2117,2.97,146.07,656,1880
8/10/2020,8714,ba7ef908f40667886d5956a3704fab6d,25539,9981,2.56,212.2,4714,2749
8/11/2020,4324,79f333b6cc0bb7755bfe60968ffb4a47,10872,4048,2.69,126.9,1179,1440
8/12/2020,6713,978229d69b4e29d3484f677510518de4,13974,7785,1.79,164.04,2825,3892
8/13/2020,8026,e6ebbcb2ab1351e5f9b7bd96adaebd08,18743,9441,1.99,282.69,1946,2101
8/14/2020,1255,ca531dfad103e443e99af89e115d6851,3176,1340,2.37,181.85,478,881
8/15/2020,5804,8906af3b010800fe9620594ec096b0f5,13361,6185,2.16,249.65,2419,3247
8/16/2020,2838,b4b791dc8780565fe3f4fe663a4405b1,3490,2784,1.25,122.69,752,374
8/17/2020,1009,bdea77455da88ce865b39fb06b2461a2,1564,1144,1.37,149.51,427,290
8/18/2020,3871,77a8090ed9be8154ad08863a13af4b12,10292,4585,2.24,261.47,1807,2582
8/19/2020,9989,861c2f52da4085598439ccc8cef75060,16889,11088,1.52,252.6,4502,3658
8/20/2020,8409,84a55a3e0e04bfc57174431c2b5ad530,21163,8819,2.4,177.23,3817,6077
8/21/2020,8418,4ef99f1e90f62b1189cf94ea0161285c,15740,8777,1.79,290.88,2575,4305
8/22/2020,6124,017cdce630a36da0e5c06c934857ef92,13101,6980,1.88,282.13,2584,2181
8/23/2020,2015,74b3eaf29618b35266b9cacdb514c332,2664,2048,1.3,292.46,1012,311
8/24/2020,3193,cbee80c42069a4e65e10425e57c6ace6,4873,3581,1.36,185.58,1681,1407
8/25/2020,9415,2e50b86aa0369331db4eb3377fcf5bef,27519,9448,2.91,139.49,4590,5599
8/26/2020,8449,918603e629e0d993dd31db48aeef3f89,23676,6970,3.4,225.33,2201,2719
8/27/2020,5158,8311a0102f7e6030080d03248c9eb896,12245,4918,2.49,236.95,2144,3224
8/28/2020,4925,65d13e78ad2b337fe9a64c57df10fb5e,9984,4815,2.07,125.09,1858,2732
8/29/2020,7970,b7561fccd671994cc557a190842cb94d,19258,6827,2.82,257.3,1534,4388
8/30/2020,7938,2cdcf33ae8d64ce7ef933f6060ae78ea,18364,6675,2.75,103.61,2985,3480
8/31/2020,5784,a3d42cfce759be9004c4017c68385ecc,12860,5866,2.19,196.55,2364,2989
9/1/2020,5000,aea98e7a6a57a33edd4381f1c2582400,6532,4170,1.57,166.2,1082,1576
9/2/2020,2633,944d23231703a6e926925996a5a29a4c,6158,2425,2.54,248.06,543,1715
9/3/2020,8266,6a9708f4140c7c99d59762258691f28b,21359,9074,2.35,162.55,4093,6219
9/4/2020,9702,93ddb1dacc3d0891366ba989af317cd3,29002,11504,2.52,265.36,2573,5883
9/5/2020,1384,be1d32fc4344a37c44a6961ac942b062,1688,1504,1.12,218.99,342,438
9/6/2020,1404,75af11cb31ec7ff4410de1770a7f5e49,3530,1680,2.1,258.78,551,1033
9/7/2020,9175,8bd058f92f8a513033fbdc0f7a368b1e,20453,9902,2.07,297.87,2381,2663
9/8/2020,3000,e0e0935263c7bd8d9f72736d3682181a,5943,2752,2.16,235.83,1304,616
9/9/2020,6989,faa0e37c9b5eb1669794df819fd5fd60,9991,7469,1.34,296.99,2547,2735
9/10/2020,2460,3664bb81003683f5cfc4ba99e42b27f8,4763,2658,1.79,105.77,985,662
9/11/2020,8190,76bad762473acd06ece6e40a1aec3559,15052,7769,1.94,167.63,3717,1633
9/12/2020,8140,0c7e7eb97ad7caf2abeba3d60ba3cb34,14205,6569,2.16,121.57,2359,1875
9/13/2020,4636,644cb27436314ba3695cabb93c1512ad,11662,5012,2.33,152.46,1534,2062
9/14/2020,5809,bc041b645a634acb27ea69cedde6c345,14297,4697,3.04,267.78,2062,2056
9/15/2020,5178,4fea860984cb7c48468c61d9c0690446,11703,5449,2.15,106.46,1813,1884
9/16/2020,8245,694ad7827654564872828ccc21256e1f,23824,7135,3.34,204.04,2108,7029
9/17/2020,7600,07240b23c6f264daa3391caea3e9f37c,13906,7799,1.78,213.43,3252,3349
9/18/2020,6997,611ce88d7e2ae8ce1bc579c72fe227ad,11466,7007,1.64,212.23,3086,2780
9/19/2020,3048,5cc2e7026776855c6eaadf908ab4684a,7256,2454,2.96,195.06,1074,863
9/20/2020,5780,100c612e6126cd86166a5da2806e2145,9004,5462,1.65,258.12,2694,2218
9/21/2020,1716,bcad51c99a18712e4ff29bc7ee815c24,3032,1785,1.7,126.71,778,751
9/22/2020,8939,c106b30a1117f5acfa2b4f6fcfe4d2d2,14340,10185,1.41,162.12,4389,3326
9/23/2020,6565,6ff99e4365ab4f366b696e34a4e6d941,8695,7585,1.15,223.15,3468,1266
9/24/2020,5544,676292844f66cdea86748ff6a71eade4,14910,5508,2.71,238.19,1101,2752
9/25/2020,5976,e9827fb99ddfc1d549a7036933f9234a,9909,6522,1.52,180.83,2013,2668
9/26/2020,4419,194eaf519ec11c516034073a65c18ec5,9065,4094,2.21,275.07,1724,2121
9/27/2020,8239,8a081bc23dbba855236a90e0bdc33508,10529,7718,1.36,183.1,2932,2596
9/28/2020,1249,da540003305355482195aafeb5e9f9e4,3071,1096,2.8,180.56,277,667
9/29/2020,9865,7faf70e763d0f9560040ae8cba481e45,17707,10109,1.75,107.24,2943,3363
9/30/2020,1770,0ac2c21b96e9ed3d456b8ce97841c6ed,4496,1638,2.74,210.23,493,1132
10/1/2020,5363,ab221d4a29292204ce920e2749c5991c,10416,4471,2.33,241.74,1655,1183
10/2/2020,2077,115e80d696e8d787967589424ac337c2,3224,2230,1.45,122.89,1002,756
10/3/2020,9427,67fe2934e039f57eb6ea004d51f8d08f,20020,10210,1.96,161.09,4898,5994
10/4/2020,9580,47a20f41c28da5a8fb55818ae677f9d0,13746,9043,1.52,256.25,3843,3519
10/5/2020,8901,7e270558096d7192f5d7040c23c7bda3,17739,7393,2.4,173.18,3348,2804
10/6/2020,5858,2023b895469c8d77c907a155c0a5430e,10375,5685,1.82,148.32,1938,1614
10/7/2020,7544,f147475ca37a1adcb0b27b40392d4558,21436,7369,2.91,234.44,2335,5004
10/8/2020,5719,ec6b4c2c7e482b59c4cc3e247ec6fc17,7490,6104,1.23,139.35,1940,2090
10/9/2020,3814,13664c655940309c66ef9cf3177e366b,9341,3532,2.64,279.13,1359,2013
10/10/2020,4374,c7fc07c0219fedae2dd1bb4ba117c0db,6687,4693,1.42,121.12,1113,1374
10/11/2020,2252,d6f1259e4ce27c6d1cacff85ada45d60,3995,2586,1.54,241.31,967,527
10/12/2020,7996,009f1db9187f93f40bd84c7f9efe7eb1,15575,7156,2.18,199.91,2859,3786
10/13/2020,5673,f04e6876a97292bad7c1bc3453c3e9f9,16079,6759,2.38,273.99,2242,3866
10/14/2020,5530,0ade56a2275d5efdab4541b9ad377cb3,9050,5278,1.71,125.24,2565,2655
10/15/2020,7881,0bf59b0464a749cb8d1574536782fc1d,10752,7147,1.5,235.58,2733,1720
10/16/2020,7949,e3b68d7242d1536c77cae59705c6fb6b,14098,7699,1.83,214.41,2048,3542
10/17/2020,7241,fa4b07164a517e9901932dd7beaa6cc3,10053,6066,1.66,196.02,2085,1878
10/18/2020,9017,8721372dcc985136a19899c1b7e2264a,12907,7666,1.68,198.28,3086,2732
10/19/2020,7941,adfd2cc8250f3db5185e5f9e9513a948,17731,7669,2.31,244.4,2278,4668
10/20/2020,8002,054b632b2ce0d8854681a3e2b085283d,10479,8842,1.19,287.55,1979,1513
10/21/2020,2331,5ba3ed09424181ec0e848d17f845d86c,2926,2704,1.08,118.25,1014,493
10/22/2020,5261,586778a538a9fcc11d032c0e955d43a9,13078,5607,2.33,103.9,2716,3330
10/23/2020,8648,d6c20806fc4c4841fe343791cdff797d,16007,7282,2.2,261.14,2516,3426
10/24/2020,6115,21d9ba8166619ec2aaa26914adf339b6,8718,6535,1.33,121.63,3083,1032
10/25/2020,5637,ea75b43b0b24e58b4445d70c0e9915d2,9337,5942,1.57,297.34,2677,1737
10/26/2020,5854,92a3c585357e383c1175965837dfd14d,13790,6569,2.1,223.87,1604,2997
10/27/2020,4177,61659adab351a39a9d21d9404eb63a26,7084,4720,1.5,230.17,1946,1997
10/28/2020,8730,7f961c4dc35cf7ecb577f18528af6f11,18246,10015,1.82,139.78,3311,2512
10/29/2020,3180,e0af302905ac7a638f19c3a5e9cf00a7,4512,3070,1.47,148.06,844,1178
10/30/2020,5892,ea874a9495621f711be882cd811f9faf,13307,6358,2.09,231.87,2581,1678
10/31/2020,8043,c8aa809d7addec0fb30cce11f255348c,14227,7297,1.95,281.95,3085,2112
11/1/2020,1137,5659b2045ebc768fdadd785c12168b11,2647,1364,1.94,296.48,346,393
11/2/2020,7327,bf16846d74158b9173a0bd69ab5bbf7f,19453,6375,3.05,139.61,3024,5359
11/3/2020,4472,519e6121baa92535cdb4e99032940323,10289,3595,2.86,126.82,1529,1438
11/4/2020,6449,083ca49c438bd5c5749fe0c6da9b3046,11171,5543,2.02,111.28,2660,2875
11/5/2020,3832,3f144775d8187aa68f0db27ac32954b2,6362,4254,1.5,273.66,1255,1223
11/6/2020,4579,7bb3fa06d7291042ccc6cc56b62abbe6,8193,4481,1.83,158.94,2159,2456
11/7/2020,6971,593ff5757b418040b78747ef38d4bff6,10430,6824,1.53,100.36,2119,2793
11/8/2020,5164,83a47f4bf093f759066c13e9a0f350b0,7880,6103,1.29,144.76,1319,1953
11/9/2020,8941,a71957344ee5dd0febf32279b6aed205,23454,10441,2.25,168.09,4478,6429
11/10/2020,6569,28ac22a9aafe0eed1d3c9be983b60f20,12431,6072,2.05,298.2,2496,2819
11/11/2020,5300,07ea6259b82824fe928cb571f4d7dad7,10519,4683,2.25,204.71,1776,2826
11/12/2020,7269,11f4e91925c0661e405e3e3a02fd166c,16495,8282,1.99,140.94,2873,2511
11/13/2020,4818,a119316df26731ee156657c08b399cb6,10895,5600,1.95,166.96,1174,1302
11/14/2020,2906,3559a83b139a2a0c3cfb11935f317220,3839,2954,1.3,166.06,1144,856
11/15/2020,7254,fb564c7f38a050ef0f18f5df2751dad3,19562,7629,2.56,103.95,2479,3656
11/16/2020,1760,af85e066d7bdf7e0bbdd22d14e482764,2673,1588,1.68,127.04,584,495
11/17/2020,8830,f4407924532e537a87791f9b325bad27,22088,9892,2.23,239.04,3252,4535
11/18/2020,8350,dfc3d8849c4d97d1d00847afc74de59f,21633,8791,2.46,124.05,4306,3726
11/19/2020,7238,12e12d9a4d5d5972801ff0be8627ef43,17999,7248,2.48,146.15,2763,4053
11/20/2020,7090,5d9de5dfb08deaa90dbae7455ea166f0,15896,5842,2.72,170.15,2481,1686
11/21/2020,7031,0fdb355b82706178b5d9e1784c882fc7,8622,8200,1.05,251.55,3943,2534
11/22/2020,8687,d470cb5163a2766eee41b5a71fb30d89,16059,9088,1.77,216.48,3430,4576
11/23/2020,9472,f22d96cda79cabbdd68aa4dac06fdef3,21678,8307,2.61,237.8,1691,6222
11/24/2020,2887,fea9656f1ad1f24449deb5241349eef8,5477,3009,1.82,213.4,632,947
11/25/2020,4266,e73225247ffd90aa9e7319cacf0185c0,11749,4568,2.57,236.72,1876,2424
11/26/2020,1666,25e789f111cfdc3606129efc8138437b,2925,1683,1.74,100.57,477,850
11/27/2020,5188,18de375341662a242cab6ec94ce87baf,8966,5640,1.59,286.18,2108,2514
11/28/2020,1671,476550c8d9a39cb725369efbebeffacf,2805,1725,1.63,122.18,449,723
11/29/2020,7777,3c0dbabdaccee4e179d53683d72f5081,13990,9169,1.53,181.25,2577,2538
11/30/2020,8570,155b6cf799eab3a9ea088d6a77a30d63,18882,7040,2.68,254.21,2473,4019
12/1/2020,8956,c0b4f07f1f8b750119797a3e534f1105,22144,7545,2.93,187.05,3717,5726
12/2/2020,6124,378ce7091e626d0a436b2fc32b7ce32f,14652,5324,2.75,289.37,2049,2265
12/3/2020,6585,369305f4a344dcd38b0fd8f8d1904e16,17475,7085,2.47,193.52,3407,3937
12/4/2020,5777,52e4143803d657e4fc1bd15def054be8,16144,6113,2.64,274.99,2982,4287
12/5/2020,4900,62f44517f9bcdba9fc392fcfa030df38,13077,5668,2.31,262.17,1487,3158
12/6/2020,7677,93d457687d09604794efb1c5e5fd1d4f,9474,8392,1.13,296.2,2461,1855
12/7/2020,7981,4e69cf8f11890db7f36a9f8691195ac3,20149,8007,2.52,285.31,3451,4370
12/8/2020,7376,c6d966049d83febb73c5e150522ff887,11618,8827,1.32,279.62,4060,3459
12/9/2020,1523,b46e04fa853273badc72ce008f7ea6dd,2192,1380,1.59,246.32,491,483
12/10/2020,3393,067496d8673631a62f23478bdee25fde,7971,3845,2.07,173.4,1914,2049
12/11/2020,3593,10e4fe5e167d3003c5abfe05f9426d27,6379,3487,1.83,121.23,709,1565
12/12/2020,8240,31a524ac9dd355e475c7a16a6f07e39e,10735,8730,1.23,237.73,2530,2579
12/13/2020,7937,40953cb98a1da18382431a622e475a08,11490,8658,1.33,295.73,3350,2795
12/14/2020,7190,6d11f28a6a83a0c467fc0d7294a01cd4,8640,7574,1.14,245.32,2581,1649
12/15/2020,6240,872c073f25d5223494b2245b72783e9f,17633,5342,3.3,285.75,1255,3435
12/16/2020,7493,955af6244949348bd9a8b20947645fa7,9323,7322,1.27,260.86,2272,1804
12/17/2020,3878,9d55c0771048679f9597a9576dc0d620,6115,3973,1.54,132.62,824,652
12/18/2020,5143,0846b936b4dc75c52b8c9a3ba3afcf8f,10025,5861,1.71,149.84,2302,1485
12/19/2020,4644,5deaa38b5d3681018e2ae70ca7406db1,8553,4539,1.88,168.37,2123,1119
12/20/2020,5432,6d11f28a6a83a0c467fc0d7294a01cd4,15432,6341,2.43,133.65,2951,4279
12/21/2020,2276,e9827fb99ddfc1d549a7036933f9234a,2896,2221,1.3,216.33,910,448
12/22/2020,6811,239938b3651667cde415f85dafff8f35,14452,6943,2.08,295.09,2359,1845
12/23/2020,1302,075cedb2d80928fbe39e9bd299a49f49,3157,1456,2.17,252.29,514,391
12/24/2020,1638,f4b15efddc2f591cad6fb9e000dcb4f9,4712,1692,2.78,184.68,408,1131
12/25/2020,1055,ddf50e1f89778a706c35d94ed45dca98,2444,1249,1.96,100.9,377,247
12/26/2020,9717,37a830815067e7d1e3818deaaae1cc65,25718,10340,2.49,162.66,2650,4996
12/27/2020,9150,dd52dcbaa1daa1a7098861eff83fa69f,12358,9233,1.34,205.35,4121,1529
12/28/2020,3125,542b9ccd9389ea06341c292fc2700c57,5920,2529,2.34,164.85,1200,1598
12/29/2020,1364,503294cbb289a90618eaf17eeb8d1499,2554,1316,1.94,122.21,475,745
12/30/2020,7809,a46dd766dfcbd742bc7dfef6a26dfc97,21828,7181,3.04,188.55,3004,6368
12/31/2020,5621,fe2e9bd475946a4bdd98cddd36f79e5d,8276,6178,1.34,150.65,1460,1559
1/1/2021,6126,9fd73774c7a1bbc148becd4860de742a,9026,5411,1.67,281.85,2070,2066
1/2/2021,6122,597f7667e4ec131bf978c5648ce87e2e,10966,5400,2.03,120.35,2218,2412
1/3/2021,2646,3e2c692a11dc7b8926e8fef27396872c,3434,2317,1.48,109.83,778,583
1/4/2021,1918,daf3612a9a201bb5a2a7918381cfca2b,2931,1630,1.8,101.06,445,553
1/5/2021,3797,cbcad93f39e000f66f9b8a6746f52c41,11153,3509,3.18,165.61,1625,1258
1/6/2021,7506,96f5a603f7310c88e57f27f4501fe2b3,14792,8664,1.71,232.08,3664,3833
1/7/2021,6870,c2327c086434ac20f1fa95f5bb8fca97,16059,7625,2.11,246.08,3583,2379
1/8/2021,2531,ca831d0e70521f7d4270bf3bba0ea5a0,6345,2769,2.29,190.65,1233,1218
1/9/2021,9172,6ba0d4388b03b8d147a9208ccedd9943,17064,10262,1.66,236.87,5101,3346
1/10/2021,4345,fa7c51a73362cc5def0354fa4348569e,6365,3944,1.61,171.98,1016,1350
1/11/2021,8673,11ae3936e18086495711cb95c560cf89,13632,10017,1.36,233.56,2264,3593
1/12/2021,7949,61d7267f78311a494b2fdb9d795ad352,14021,6795,2.06,108.12,2046,3342
1/13/2021,7882,ddcee1ff172314d0b024c5aa401c0435,18482,7366,2.51,178.15,1758,4299
1/14/2021,2906,381992e8820e4f736bf9db3d5ffff9a1,5570,3006,1.85,258.17,1073,1143
1/15/2021,4086,23b866e97e71f0cf9046868679b69479,4953,3436,1.44,260.6,1340,590
1/16/2021,9152,fe7c17bc2572be63fcf6c8393ea154d2,19604,9994,1.96,243.23,3732,3536
1/17/2021,6750,3c020a89b376d0d4da21736a8132af9b,19296,6445,2.99,140.85,1790,5624
1/18/2021,9905,90419e3ff324e0105b18bb6437f47095,26364,11031,2.39,149.44,5214,7885
1/19/2021,2062,195652a255c4fa0bb80592e9848aeab7,5537,2056,2.69,299.22,424,1362
1/20/2021,2976,c2a3a5adc0290a09722744d72700f5ac,7830,2596,3.02,120.68,790,1139
1/21/2021,2296,0ef6c32ecfe15e60d0462a8aca4aee42,4093,2511,1.63,136.13,1044,492
1/22/2021,7229,0949a2c7a881168bf4be90a41c59d290,18631,6512,2.86,126.01,2800,3408
1/23/2021,8641,944d23231703a6e926925996a5a29a4c,12595,8609,1.46,165.53,2796,3417
1/24/2021,1125,e23c389f674357e6001de777dd35803c,2681,933,2.87,142.04,191,655
1/25/2021,5632,d58b392a5ba55a50a9cc5d23836577f2,13262,5897,2.25,199.54,2272,3670
1/26/2021,7288,9b45db3d1965cdd2b38a7aa27c268ca8,9081,7771,1.17,195.2,1701,2026
1/27/2021,4596,a3d4d2855b3372f914741ea1ad032dd5,12033,4372,2.75,280.3,1016,1517
1/28/2021,7168,cde993d645c6e7deff3e6249c3075c06,20255,8470,2.39,106.95,3346,2490
1/29/2021,8561,792db11253f71c79e882b8a732c431fa,14394,9842,1.46,163.98,2891,1577
1/30/2021,9258,0eef96ef33853d903041d521694f8df4,24647,10028,2.46,219.33,3052,5260
1/31/2021,1232,f22d1816ac0efe95f6237b983beb007d,1661,1337,1.24,220.96,462,246
2/1/2021,7371,3c6c3c0637c85ccd9cb269b523a113a3,16805,6640,2.53,196.03,3277,4148
2/2/2021,5206,8e804c1da6163fabcb09358b51f4c871,10798,5532,1.95,263.13,2708,2561
2/3/2021,8943,1b7fa7240d13af8d9591929e4e7a7748,19519,7863,2.48,112.54,2554,3193
2/4/2021,7891,4031a0f3cb9848f72765b72f6f783c26,22624,6767,3.34,263.1,1892,3062
2/5/2021,7738,5e8f3f120df94c8fdf86be683370bcd2,21421,9283,2.31,198.95,2699,2580
2/6/2021,3472,4edfff6f780870eb6c7b018149cfa60d,9072,3641,2.49,126.75,1022,2245
2/7/2021,3739,7995659516e372e3bcb822e4f03d297c,6328,3635,1.74,277.14,1307,1203
2/8/2021,6401,8855aaf87a9338d27f24381a8e736e6f,18186,5858,3.1,229.85,2238,2995
2/9/2021,2761,00414848f29945e0b972340f0aeaa942,3797,2875,1.32,132.71,996,1030
2/10/2021,1876,8331ecfc0fe34fcce5465155f0696594,5132,1538,3.34,106.73,495,1122
2/11/2021,4812,583bb458b8a7536382186026466c71dc,8616,4031,2.14,128.22,1061,1754
2/12/2021,2460,e1f8b981cf4bc3a8094e04762895f32b,3190,2000,1.59,221.76,689,793
2/13/2021,2733,733f2846678c454b2fa0bb7f155acca5,6572,2732,2.41,135.86,825,1729
2/14/2021,2605,5b29923c44bdf4e314b4c609df562bbb,4210,2709,1.55,145.15,982,998
2/15/2021,6622,3db11ef03db3a322580ace6cd7941fa8,10849,5463,1.99,105.03,2199,2039
2/16/2021,7767,d60e3d7f0a3074f7f30c517366d6c0f1,13599,8454,1.61,244.59,3297,2391
2/17/2021,7986,17268562ed5c593a234c6d57e306a358,10498,7124,1.47,262.07,2413,2670
2/18/2021,4517,4ae554d4c614b2f5ed8d53c762c341f0,6860,4851,1.41,259.37,1779,1396
2/19/2021,4735,692d2007b6622d54d78e0d91ba00f884,5725,5647,1.01,125.51,1612,1379
2/20/2021,9434,e630f29588c6c0fbee1e22e3d6ccce26,18884,10155,1.86,280.66,2104,5251
2/21/2021,3590,0658ee4b72ab86f75a8bc04ce9a7659a,4852,4140,1.17,234.46,1604,1374
2/22/2021,2063,c803069af7b6f0b6dae2c8292dff36a8,5010,2432,2.06,279.51,670,779
2/23/2021,5324,7a368fdb26485088883914014c1feb82,8646,5295,1.63,189.43,2121,1189
2/24/2021,6342,42fe85b5d2177a6205ef3d14c7d83c29,18381,6855,2.68,187.39,2907,2798
2/25/2021,1005,b201ecdf2450e9fbc95b8ab603793f61,2782,1146,2.43,256.91,544,696
2/26/2021,8489,31ac2322130311d88561c1c0ca94686a,14609,8002,1.83,118.66,3900,2542
2/27/2021,9659,1f0291eb7b43b316a4bb3b5b1db07f7b,25207,8737,2.89,204.17,1775,3394
2/28/2021,9195,90477a06563cd228bbf0b90f0f708d61,24328,10837,2.24,267.28,5387,2911
3/1/2021,6966,cd73324b96c14807d2ce88fd9418a88b,20729,7596,2.73,266.04,3075,3429
3/2/2021,9837,a5eb522d23e98f0ed9c25ee972cedd6b,22390,8734,2.56,291.23,3432,2848
3/3/2021,1117,3114f0f00d8f92ae59d7ecc59e266429,1505,1094,1.38,239.65,223,197
3/4/2021,3551,6a944193bdd890527e0b8731606c110b,8395,3972,2.11,141.55,1820,1987
3/5/2021,6560,c60226de305804f0e732fe9d85a8d53e,15251,6683,2.28,104.06,1628,1585
3/6/2021,5289,3e62e4bb46aa7b796039e693292d9e57,12424,5606,2.22,195.88,2529,1534
3/7/2021,1846,4edfff6f780870eb6c7b018149cfa60d,3235,2033,1.59,202.74,416,870
3/8/2021,7316,7e5caee79522624ed72ea241be6ebedd,20100,7673,2.62,148.05,3021,5406
3/9/2021,7469,c331457eabdd7b4599c51f2d54020216,21862,7588,2.88,124.94,2507,3625
3/10/2021,9915,51f6f2d6dd05e04a90b0f9540a71d2b1,15783,10904,1.45,217.24,2837,1855
3/11/2021,1224,fbb03b6f9ba5e8d93afcb0d502f1c96c,1663,1335,1.25,252.85,310,400
3/12/2021,5208,94a8186a9e9dd2ac80fa8ef32ed757bf,8073,5478,1.47,298.63,1819,1388
3/13/2021,7283,4f7d9999f66b096baa7f90e5439be27a,19496,6874,2.84,251.66,1629,2126
3/14/2021,3048,617f89965ac6d0969efa369e1f0cca79,7369,2933,2.51,258.73,1014,969
3/15/2021,7233,3fbc6b873132e4edc8b255d6ec99f9fd,16960,8594,1.97,223.29,3330,2161
3/16/2021,2828,5211fcf4356200069ffc2a992a8af8c3,5438,2389,2.28,297.18,1071,1184
3/17/2021,2917,8a2848973b650cee3e322456fc49e838,6534,2646,2.47,227.99,1068,1827
3/18/2021,5234,36bcb65b8c58273f51eb45d0c3ca7003,9181,5218,1.76,272.05,1145,2374
3/19/2021,7988,0f85cbd0ac107bf5639cf460c2278783,16446,9063,1.81,289.16,2648,3442
3/20/2021,3026,1b9fd41ce1043344907fca3a865c2b6b,7950,2618,3.04,285.97,750,1466
3/21/2021,4744,a538baf2ecada272873e17110d496838,14071,4320,3.26,176.28,2050,3148
3/22/2021,1009,674196f2eac7276899f9487f4db23c40,2904,833,3.48,115.73,383,548
3/23/2021,1260,9065530a5d883d1a8ea714304337953a,3630,1363,2.66,134.37,424,541
3/24/2021,7038,9148e6c47caea0ae627e2bca74c1f5a6,13541,6301,2.15,111.84,1394,3193
3/25/2021,3219,9da6ed7e93efb0ac0fd1bcc19d4b900e,6579,3075,2.14,121.08,1440,1806
3/26/2021,8041,52fe45ca27c91d0c1d3c757d238dad95,19862,7859,2.53,136.93,3666,3467
3/27/2021,3060,c554efab7e93f5552b3c3f8eea3c7085,8751,3538,2.47,168.22,1615,2348
3/28/2021,6287,50edaf7ff025fa3981215803d6db82e4,9151,6064,1.51,208.71,2750,1704
3/29/2021,2619,3eacd3ca01e2ec07194e73b50a18237a,4577,2247,2.04,242.34,773,825
3/30/2021,9512,09c5e54edf8036960e5f8b2bfaee00e4,13798,9604,1.44,142.19,2432,1458
3/31/2021,2342,bc064aaf22af17901be77a6f6d84b863,5390,2775,1.94,234.5,952,1288
4/1/2021,3832,c93a149fb3fe199598088310179965b7,6711,3997,1.68,240.85,1392,1754
4/2/2021,3824,2e9e739fdd31d8b997861465284ae25b,6833,4563,1.5,211.72,1583,1590
4/3/2021,2994,b7f6324f8c0f58a4c068b7dd66d6a2d1,3974,3402,1.17,280.72,1230,517
4/4/2021,4490,97fc532a997a7d28c20678602a36b057,8215,3656,2.25,122.2,1013,991
4/5/2021,8984,e00f077bd6a295f5f64027632aad87fc,24728,9553,2.59,135.42,2960,5306
4/6/2021,2604,74b3eaf29618b35266b9cacdb514c332,4217,2381,1.77,185.73,786,760
4/7/2021,1235,2a5c00e566f58b031acb669e6d910cb6,3027,1264,2.39,125.34,302,562
4/8/2021,2908,3392fb3425c545b231b3ca854773dd18,6785,2651,2.56,213.26,892,1991
4/9/2021,9567,533c5fbc05b3f881ee4d9645757e24c9,26350,8988,2.93,179.68,3983,6450
4/10/2021,4530,d3a745ecb026d0db3e28bf0854cfe019,6514,5296,1.23,156.92,2375,1188
4/11/2021,6256,4e2d8bd555054f6deb4c75cb94c8247f,18515,5521,3.35,134,1786,1922
4/12/2021,3635,5dbda73448be9b59af9bc8e34a7df7a1,8174,4178,1.96,167.07,1486,873
4/13/2021,9162,b3bad9ff161b308725c0f3c0c4ba303c,27411,7441,3.68,221.59,1563,6495
4/14/2021,3560,c34f11ffec291669035346dd4a05f68e,10112,2977,3.4,215.16,1197,2705
4/15/2021,6415,ab48d4314b8c158580ab94100a40d80f,10255,7325,1.4,132.72,2354,2477
4/16/2021,4391,41edc0af31248234e25e0f0397436969,5713,4620,1.24,124.98,1541,1035
4/17/2021,6951,58a047a85e612f90d1e5035d951db126,11539,7638,1.51,105.34,3529,1225
4/18/2021,6468,22d6437667038757126c01ceb81b3fd4,13903,5716,2.43,102.49,1935,4080
4/19/2021,9007,24b4964b2ff95e70c234ff1fa2fd8344,13590,9140,1.49,275.96,1886,4039
4/20/2021,7413,b014c1047349342510fbab7fa9c1fcb0,11130,8116,1.37,109.02,2177,2335
4/21/2021,7941,ad53c78fa7bbf6115fe85bbf02509006,16141,8345,1.93,246.24,2859,1842
4/22/2021,5820,3c72f0050e8b2d2eb5f06826f3cbe042,7332,5754,1.27,274.4,1883,1526
4/23/2021,3898,c99c3ebb55f090662e6ce6d842e10b5a,5532,4614,1.2,119.61,2114,1540
4/24/2021,8546,837250c0f8d5777ec0e5ac0f43fe27a7,16652,9148,1.82,187.26,3317,3929
4/25/2021,1077,a15aaf58280e06b99e273e0aaf880ba4,1414,1252,1.13,292.46,509,345
4/26/2021,8577,9531bdd058ff7684a9abbc3023a95fe0,16417,9365,1.75,266.83,3191,1920
4/27/2021,5227,92e6a6fa7ffff152718a4ceba5931de5,10732,5719,1.88,197.94,1898,1301
4/28/2021,1600,88648f7af4caef6aba35bacc1f9b9350,3219,1331,2.42,252.51,444,403
4/29/2021,2065,2ace0379d38c3ed1c9e61a4318cb33a4,5708,1948,2.93,266.68,630,1603
4/30/2021,3136,6aac174121dfc001889594c276e73206,6755,3585,1.88,169.61,1296,1385
5/1/2021,7943,ddbedae848f8d0e2083adb4db58307cf,16222,7093,2.29,278.43,1951,4190
5/2/2021,8804,59c7917081a2d9ece9995a8ae860dc7f,17073,7449,2.29,194.09,3481,2101
5/3/2021,7565,35606fa2242beb5188485ca072ae844b,20211,7038,2.87,205.56,2111,5770
5/4/2021,6984,92e6a6fa7ffff152718a4ceba5931de5,19632,6203,3.17,299.94,1515,5187
5/5/2021,6142,6b78d673fd0ff6357e938c0f9e48ca1f,16803,7186,2.34,268.66,1645,2435
5/6/2021,5670,81768aaca071cc330f7f424e16825fb5,13678,6504,2.1,172.35,1327,3759
5/7/2021,3190,2417f7feddcdc7ebb8e21725e2900c3b,4616,3189,1.45,102.07,1042,704
5/8/2021,3712,78691f5256d1182e08b2cbb01a43760d,6304,3060,2.06,225.23,784,889
5/9/2021,3192,c009c2ad85d747baa1902eb4ddedc7f7,4095,3465,1.18,240.78,715,625
5/10/2021,2248,1bf4699ccc522eaf25de1e4b8fff19ae,6464,2358,2.74,230.16,839,1822
5/11/2021,5033,94989c7803936e7b9979bf6afeadf35f,12026,5980,2.01,293.57,2416,3404
5/12/2021,2997,4c5f343338e5bf2500d9fd7f9f449dc5,7622,3067,2.48,272.59,692,1263
5/13/2021,4687,973997098a188bd2fc44e7aed8c539e7,8253,4380,1.88,189.77,1481,1989
5/14/2021,5018,25f0bd53c65efbf0dc0e7f879b45c468,13659,5056,2.7,112.57,2139,3212
5/15/2021,2970,090f1939d9e6e8d15cc6c92e394cc956,4951,3539,1.4,195.21,1754,1293
5/16/2021,9389,6b4acb04b3c9f82bd10ad730cc9c5f38,11294,10126,1.12,237.85,4052,1799
5/17/2021,6765,1f47907e94e5d6453f4e37106d97777d,12701,7230,1.76,221.54,1977,2566
5/18/2021,2202,ed4b342cfbb9148ec58da784bc63abdc,4904,1973,2.49,207.63,818,1145
5/19/2021,9135,34f5fea9072eb9212f2777f1ed9eb1d4,18833,10025,1.88,193.76,3803,1982
5/20/2021,6567,c3705b7fc78224528dac8067ca2c058b,18070,7224,2.5,158.75,1903,3168
5/21/2021,8667,a47b08709dd2d967c62991050d4f08c9,12044,8033,1.5,155.47,3657,2880
5/22/2021,6742,e479b6e8c2db7e8b16b429d55db7058f,14811,6698,2.21,200.05,2198,2229
5/23/2021,6788,b37f5eac2d55901afff22cd3195ebbd0,14413,6230,2.31,132.12,3044,4202
5/24/2021,6408,3bbca3db132aef10747d12badcdc1f88,10935,5789,1.89,168.14,2413,1159
5/25/2021,9669,a1dae4361fd1ab45ebe679e5d2029f41,25913,7835,3.31,164.8,3082,7556
5/26/2021,1922,abfbaeaad9d53e49b9fd7cae964e4dba,4910,1756,2.8,217.43,735,703
5/27/2021,1419,0907f785f02852c450f0f6f986015c0e,3574,1449,2.47,113.34,497,392
5/28/2021,3204,69cef46a7aa050a4e4cf6d6fd18063ec,8897,2565,3.47,265.93,901,1410
5/29/2021,2120,d8b2b206316553d37e8be22b449b3b06,5302,1936,2.74,212.48,881,1364
5/30/2021,1950,4953c3f9cc52c3123da0138d99010572,3153,2247,1.4,234.17,908,789
5/31/2021,3336,f2dc7eae449cff6142ad11726d5c7234,8239,3460,2.38,240.62,1623,1168
6/1/2021,6373,89b25b3ef324976bef7570002c1daa4f,11177,6647,1.68,158.3,3106,1557
6/2/2021,3243,d5a12085f14f55f0f47b71b102606b4a,5305,3117,1.7,194.07,1536,1212
6/3/2021,3645,6e7cf686ddb0710698eb7823aabf9bba,4852,3902,1.24,291.25,1600,929
6/4/2021,5612,797f6a998164198b633fa00a8317e46c,14250,4915,2.9,253.34,1723,3683
6/5/2021,2865,9b6d85d3c7fdd0788fc2daea8a0fbc63,7104,3230,2.2,293.91,807,744
6/6/2021,7028,e044311a203c05a3b8c4f4fb686e3b5e,11400,5950,1.92,249.25,2449,2531
6/7/2021,8326,88092614b182019c91098a1cee5020e5,21221,8845,2.4,135.12,2542,5223
6/8/2021,7371,1f1b87e2534e75ba4d14a7be8b0152c9,21022,6902,3.05,112.91,1966,6279
6/9/2021,7359,6d0bcdedc6a0ef6dcf3ca00fbee671f9,10261,8087,1.27,215.53,2195,2419
6/10/2021,8863,707e71afd5a60462a2af1070eb96bfc6,14346,9039,1.59,171.56,4181,2099
6/11/2021,4228,8ab156f0291d263ae56bb78855667608,10783,4147,2.6,155.09,1909,1311
6/12/2021,4719,e464305bc53f14e95ac5b556a1128b64,7994,4095,1.95,261.44,1594,1824
6/13/2021,3371,ca831d0e70521f7d4270bf3bba0ea5a0,7835,3555,2.2,173.4,1215,1603
6/14/2021,3891,ba91c133c858a9471ba17d14cfdf9bba,5237,4629,1.13,163.4,1859,1465
6/15/2021,4756,e4406dde396109bc8e558844b993932e,9578,5375,1.78,270,2054,2349
6/16/2021,5225,33420f658316dde33d0d2600a6dc58f5,13221,4305,3.07,269.26,1398,2669
6/17/2021,1094,02d8a8b9ad5c6c88ef02604f3eeea5d6,2664,1039,2.56,171.27,326,481
6/18/2021,3674,918950e8ae6e9a51e203b4b27d1d7c45,9799,4299,2.28,266.5,1353,1772
6/19/2021,7898,192130ad78203e68f07178c650794921,21951,7907,2.78,270.16,2979,3188
6/20/2021,1793,90cb8aa413e9f6977aa52f24f102a057,4646,1909,2.43,184.79,752,480
6/21/2021,3116,1375a7602d5054e5da4c929db793acb1,7506,3630,2.07,113.29,1218,1613
6/22/2021,6779,137a825307811c13d9ca6ab74324d6c0,8521,7792,1.09,100.32,3823,1214
6/23/2021,7166,9af380063c4f6997286e3ba4fdad3188,15499,7171,2.16,204.66,1614,2195
6/24/2021,1814,40c3d99713884c6ef33c652e9699a2ca,2299,1768,1.3,168.82,537,287
6/25/2021,1345,17821cefe521b2e6765e25ddbde38788,3570,1258,2.84,299.43,410,492
6/26/2021,9554,50833b6940569d3a3a59b7e1d66f9ddb,16980,10391,1.63,254.48,2130,1805
6/27/2021,3443,80952b8bc25235c7be2ab468a674d8c4,7617,3149,2.42,252.26,974,1788
6/28/2021,8783,fa5ac2b47955b96e87c9b2f28d493f6c,14957,7904,1.89,291.05,2229,2696
6/29/2021,1984,7c36cc6a5991f7b7512321c539749192,5175,1869,2.77,277.54,657,1098
6/30/2021,8790,918950e8ae6e9a51e203b4b27d1d7c45,24574,7655,3.21,163.64,2303,5587
7/1/2021,1827,57f2baabf50b4c8f8d6fb0619494c95c,3503,1969,1.78,133.2,823,1031
7/2/2021,4531,511ce5f82f9153e137e58f1f47b56671,12475,4741,2.63,249.18,1673,1417
7/3/2021,8147,c2327c086434ac20f1fa95f5bb8fca97,13692,8091,1.69,175.65,1933,2513
7/4/2021,5451,a428289b1d8d6be8f2a4b8dbbb0b0962,11787,5211,2.26,194.63,2215,1758
7/5/2021,4876,496c5c540fbf75dd77b6dc14f4f75ab0,13388,5673,2.36,226.08,1303,2615
7/6/2021,6959,4ec4c506666df2cfd1ef5cc2507a8766,12432,5648,2.2,281.57,2551,3532
7/7/2021,1126,e6aa1ff3d630eda54f22a332a3e47dc3,3284,1247,2.63,183.82,597,804
7/8/2021,4177,402a7905e35fb58cf23d05851286d4f9,5928,4848,1.22,256.66,1438,1377
7/9/2021,9795,23fae2a9f622a2459a462212aa59b224,12076,9584,1.26,153.67,4580,2273
7/10/2021,7024,73f5178729f972eee150ac6da42ac75d,19859,7166,2.77,239.59,3138,4651
7/11/2021,6109,62e2d04c43a0118602c44c6d547bfcb1,8085,7195,1.12,100.32,3430,860
7/12/2021,5146,cf9f33f9b39747ba57b1aaa3b3f15c8e,15362,4553,3.37,274.3,1820,3337
7/13/2021,8196,4da6b25312081c22f61c5e55c19e16a9,23870,8262,2.89,106.08,2236,5030
7/14/2021,4368,785868bcae81b051f1ef7f42484af439,6318,4323,1.46,242.55,2025,1069
7/15/2021,4797,9469fe2563c9870ab0365f09861509ab,10398,4333,2.4,109.25,1106,1458
7/16/2021,2792,46164ede0994faa79b52d8bc25e125a6,4279,3147,1.36,153.25,830,1119
7/17/2021,6732,336fea7511edb0e40c01413f3b8d6a00,13266,7808,1.7,199.44,2196,1469
7/18/2021,4476,e4b0c213502133ac235196e9305d1087,5866,4980,1.18,183.99,1450,668
7/19/2021,4417,e4611e5091b38a13d9538ed726e6573c,7080,3878,1.83,138.37,1374,1331
7/20/2021,2645,6b63d50eb6a7b7baf739c4b9f61e6782,4903,2207,2.22,166.76,914,738
7/21/2021,4030,db35fcb6e6cff122a7f0b1606add3a63,8017,4199,1.91,245.54,2007,1997
7/22/2021,3872,af9ef092de46b2dc3760339bc8d00285,11459,3186,3.6,233.85,721,2599
7/23/2021,4072,99bee1cd5230a10186f5be7270d7af62,10807,4353,2.48,114.36,2117,2750
7/24/2021,2854,7e270558096d7192f5d7040c23c7bda3,7213,2888,2.5,249.46,1376,1189
7/25/2021,5021,0c03d5c5c17b570e34fd17b3071c16ec,10878,5347,2.03,110.61,1156,2699
7/26/2021,5662,0447dcbe8626201404912f9957d0c977,15355,5866,2.62,208.59,1807,4183
7/27/2021,7514,0e8afc2842f6c8a4992ca53ae3d4d4cb,13606,7281,1.87,152.01,3232,2300
7/28/2021,6031,f25e5335417296d20350237f61f2b76f,14932,5309,2.81,217.54,2036,2508
7/29/2021,3708,dc2e36f1fddb5a4c1c9cf88d3b994e99,11082,3419,3.24,152.27,1483,3102
7/30/2021,8112,87bfcc8145dc2c1e40bd553c7a5c4e71,14328,8191,1.75,296.99,3405,1575
7/31/2021,9393,850028a926205a99407b6b39b73f2ff3,22667,9963,2.28,161.95,3477,3854
8/1/2021,4507,085c0bcbd8b4667acd05f5cdc534c87e,12257,5010,2.45,148.39,1064,1516
8/2/2021,7456,d66bd41973fa625331401fea8854ce22,21238,8252,2.57,155.69,3097,2246
8/3/2021,5212,a9f6ef7b8f0cfa932310b898789fc467,12989,6197,2.1,279.29,1329,1592
8/4/2021,8970,d8c66eec896898eeacef2a692dc79422,15343,8201,1.87,227.24,3125,2857
8/5/2021,9766,bf81491e6c092f5fb31e759fc410ed32,17454,8090,2.16,246.14,3560,4143
8/6/2021,1536,577fe6163d0aff5120f5b0bb85fc00f7,1900,1441,1.32,283.6,541,300
8/7/2021,2625,4d993b31958b5fa9d15ffa151f3e524f,6745,2880,2.34,282.37,1437,1820
8/8/2021,8973,be3ce789530210faae988d1323267f27,11457,8750,1.31,247.79,2946,2148
8/9/2021,9577,7ca7f9f48705c100272a1036cf9faf2b,26397,10794,2.45,139.56,4583,7751
8/10/2021,9070,703577949d844114bf13fc895dba2875,12821,9248,1.39,268.67,3701,3728
8/11/2021,9666,714fb53e6ed842f5546435463bdf47ff,14589,11327,1.29,140.76,5634,3715
8/12/2021,9609,90edf26a6b5e11166d80c6cd3df1af19,19772,11330,1.75,248.58,4690,5664
8/13/2021,7490,6b40557eb1fe2f61ae2979944acf40ca,18936,6199,3.05,237.12,1545,4571
8/14/2021,4600,d6fff0258e8b9b5619bcf097f4145334,6670,4519,1.48,251.78,2199,1861
8/15/2021,7783,6a76c7b86d4aa4800a639e72969db61d,15504,8124,1.91,206.54,3252,2283
8/16/2021,5971,75501a4f023569b63060f762547cf54b,12354,5387,2.29,227.75,1173,2088
8/17/2021,2205,5d43ed73824a9dacf2609c9f721420f2,3488,2123,1.64,290.66,843,874
8/18/2021,2990,ee975a4c5b66af72686ced4fd583f36b,4209,3202,1.31,120.22,1488,778
8/19/2021,6299,2ed40c7e97a4a28184428fdd39d6a449,17042,5610,3.04,161.77,2093,4558
8/20/2021,4572,182853b281de3a6ae0509642ebdc8f1b,9621,4758,2.02,222.27,1457,2650
8/21/2021,6975,dd8c56ea2babb6e53cc320c592b1f590,8550,7525,1.14,292.81,3358,1367
8/22/2021,7320,ebdc0caa662cf7b6ee76bc97e03dbc75,19364,6120,3.16,119.11,2661,5125
8/23/2021,5380,9ac9eba0a9d8b32a35abe21fa0e6ff7f,15954,5374,2.97,104.51,1952,2087
8/24/2021,5757,562dffc39643ab8fc97b441d2a48b4f4,13187,5211,2.53,111.15,1283,2200
8/25/2021,3713,5ebad79c7d27e9fbea6cf27cdbc0514b,7822,4046,1.93,110.48,1113,1592
8/26/2021,6588,f928b78ce309e8670cf0deaa0dff1ac0,18322,5769,3.18,281.56,2432,2662
8/27/2021,1966,e6f77367691984ddaf15dd296af23110,5729,2274,2.52,244.25,1004,1236
8/28/2021,5944,dba3c1898f5312f60288552443468fcc,15205,5779,2.63,235.42,1640,3280
8/29/2021,4432,73740a690a6bd1ee80b9f31af909cd98,8872,3896,2.28,204.51,1209,1254
8/30/2021,1688,5b92724dc8dee6f21b31762997ce2a0a,3825,1646,2.32,256.39,367,991
8/31/2021,5243,2a3337897f6867e08fa5aa33cd2e2622,12906,5051,2.55,131.13,2091,2921
9/1/2021,4701,44d8865f7065d27fc7a427471bf10f10,7285,4567,1.6,178.39,918,1191
9/2/2021,9533,f145e9e3860c9b3659c42f953f644712,19113,9859,1.94,198,2109,2798
9/3/2021,6182,333e0ecda7ae2efe33fb94cbc8c9cd54,16652,6234,2.67,122.08,1254,4591
9/4/2021,7704,8e781d48472b79ce925a00706d5aa4c4,18324,6624,2.77,183.9,2607,4895
9/5/2021,5422,6c7290d5b3323b1c3f4cac219452cc97,10519,4479,2.35,163.3,1456,1535
9/6/2021,2759,ec54d18e16ef5f14e24148dd783be476,6605,3012,2.19,107.12,871,707
9/7/2021,3482,1e077189a7a496dfa9c298d3a5f16d63,4919,3565,1.38,127.35,1689,1283
9/8/2021,9058,d149bfc5696c3ed63af8905bb17cddfd,17415,8547,2.04,252.81,2203,3885
9/9/2021,1951,c1c112ca226c30e9fff1b411432015ef,5126,2191,2.34,103.61,694,616
9/10/2021,9914,dc5c3ba1d4e6235859c65b019ae3e3af,15831,9470,1.67,286.85,4565,3442
9/11/2021,3079,576b6c82fd9ff8c01b7076985bcac08a,4725,3443,1.37,117.28,1129,899
9/12/2021,3717,000e7f0811fa0181d71d05fc0a073454,10821,3428,3.16,259.85,1256,2758
9/13/2021,5524,a6611eef59f8dc0bc67211f4de605374,8715,4580,1.9,279.72,1026,1236
9/14/2021,9477,2139978f01fb92b2b4b7e597af39cc7c,15823,11117,1.42,288.23,4858,3016
9/15/2021,8311,1ff0323d12fcf33f56529d1b9e49f090,24478,7960,3.08,273.5,2601,3212
9/16/2021,8186,0d1b09be6ef5047f2fdb2217a39c758e,20648,9144,2.26,157.51,4024,6019
9/17/2021,3065,aa064197a5eb0db26d205ecb4af4d72d,7537,2794,2.7,166.62,771,1927
9/18/2021,1768,55e1e4ee229d18b4959a058d353a80da,4835,1871,2.58,185.31,611,1196
9/19/2021,6490,f147475ca37a1adcb0b27b40392d4558,9141,7459,1.23,127.86,3251,2175
9/20/2021,7645,35ed870687eed8c6ebd1d5e36199a543,18888,6243,3.03,104.45,3072,3488
9/21/2021,6083,063b0f160c35bf383d218bea5fd2b46d,12814,6887,1.86,273.82,1500,3647
9/22/2021,6232,aa7e300842265944ee7b92d9b25c62d6,16779,6409,2.62,210.83,2844,1922
9/23/2021,6797,b2d7a02da3ddc038fcc4ad759cbf4960,14373,7089,2.03,221.74,2057,3746
9/24/2021,5926,45c2be0ec1d3aa0b6df1fcd10cb362ab,13727,5980,2.3,285.4,2184,1963
9/25/2021,7016,8b51ad3290848c7dbc002937e452d9c9,14452,8066,1.79,233.02,2315,2381
9/26/2021,4335,96803ec0380b167240815a2968c3c36a,8933,3543,2.52,238.17,1360,1821
9/27/2021,9038,195652a255c4fa0bb80592e9848aeab7,23339,8174,2.86,257.39,2502,5987
9/28/2021,5873,a973244b1bfa1c841c19155eb35c9afa,13692,6755,2.03,123.27,2027,3665
9/29/2021,2481,5ad279415fab6d89f1bb7d7bb80d570f,5805,2731,2.13,172.03,577,1258
9/30/2021,7305,16503301f2f97aab76122c351f8e8121,14686,5895,2.49,293.64,1439,2652
10/1/2021,4451,39d8a5b6f7407de17df285e3fb5501c0,9596,4481,2.14,284.59,2129,2776
10/2/2021,1054,e48a2e45c65152464f9406f3b183d92e,2679,1066,2.51,276.82,532,400
10/3/2021,8643,495750d3820b4c3b8697dc39cdb3083d,23221,8300,2.8,190.42,3603,6051
10/4/2021,4462,66c7af7c00c7a6ffe4382120712d53e7,10948,4100,2.67,271.44,1172,2435
10/5/2021,1832,dac9c227196db00df056e7b1028a416f,5245,1965,2.67,109.68,630,919
10/6/2021,6954,8ad62ca5ce657832f744dd7756a0ade0,18612,6141,3.03,129.7,2590,1866
10/7/2021,9519,9fb730f116e10bcab1d1286431834d8a,21049,10657,1.98,182.79,5227,3985
10/8/2021,8221,e85db6d6ae2ac3d0e08c5af37ccef7a3,19800,9217,2.15,196.68,3102,3075
10/9/2021,4310,588be1577ad1fffd38dafd575127e89a,12358,4163,2.97,152.7,1868,1493
10/10/2021,4300,90edf26a6b5e11166d80c6cd3df1af19,9952,3927,2.53,171.3,1934,1144
10/11/2021,7722,03f48409704f3655a349546a2105eb8b,20730,7054,2.94,132.56,3259,3514
10/12/2021,8218,22c2b998bc776e907f7cf652c56642e8,20050,8159,2.46,197.83,2188,4470
10/13/2021,8776,3436d9f8c6a0348d7f5134c3afaa3e9e,19250,9546,2.02,258.77,1932,5149
10/14/2021,4675,c37083e7f21053312cc8d7aed47e96b0,7645,4411,1.73,232.27,1533,1045
10/15/2021,4054,964062383faddc2cc1066c1fc413dac4,7973,4232,1.88,121.56,1521,1474
10/16/2021,8970,d82b5a9d68e966cc78e42a7024b5ed0d,26389,8548,3.09,197.52,2225,4707
10/17/2021,3143,ea6c2bb593af0ffd0f5d533d3d81b949,7492,2897,2.59,239.53,826,1518
10/18/2021,6207,3df824dbc7d1fec88c471ade653faf5f,13754,5027,2.74,205.98,2159,3602
10/19/2021,3538,584daaff86a6ff394342a9885c41799b,10187,2835,3.59,178.34,967,2146
10/20/2021,5547,7faf70e763d0f9560040ae8cba481e45,12512,4941,2.53,224.38,1458,3370
10/21/2021,6619,ce914a313af263f42065c63d74229485,14210,6371,2.23,293.73,2464,2894
10/22/2021,9356,8e0ad655acb662d93c4f47da213996c7,24014,10670,2.25,118.98,4223,5301
10/23/2021,7612,c835e8afe07eb05c1490d4d466d8a58e,18899,8520,2.22,178,3670,3543
10/24/2021,6005,0a635ce42e1dbd7fb7c1996b13b6f14b,9293,5445,1.71,181.32,1345,2459
10/25/2021,1822,4953171960fc30708d22290aabfba9bd,3732,1635,2.28,215.39,691,1062
10/26/2021,1943,3301698824f30057c863633c07dcd754,3984,1731,2.3,130.43,657,907
10/27/2021,7150,eb840a2fdbc84316f0de2909df1c2979,13447,6690,2.01,135.33,1453,3552
10/28/2021,5425,7427e3d61154d4976c6f424dbfb00c05,11561,5421,2.13,157.07,2348,1292
10/29/2021,9966,f0152e4559189a4e7ebafd56e246514a,19369,9721,1.99,291.17,3061,5447
10/30/2021,3198,7047f10c57c03813401f0e6ba7e23a6f,4985,2837,1.76,246.82,848,686
10/31/2021,5242,71f91a8cbf8a09bd0ad0484c631f004a,10181,4467,2.28,232.34,1493,1540
11/1/2021,4695,4e7b9d1ff89d1af4828ba34b4af7e7dd,6244,3779,1.65,263.39,1148,691
11/2/2021,4452,2131531d7c7a069ee1a0e3bfc0548e1f,9956,3835,2.6,125.52,1156,2918
11/3/2021,2308,f5924a98b8aa1b9b47e7c18fb7039836,6316,2497,2.53,271.87,1104,1707
11/4/2021,5177,d9b21960a1feca9efadd7c291f37c6e4,12971,4646,2.79,218.97,1102,3666
11/5/2021,9705,868d5a56ff6daf6de3cb98f7ed944bd0,17941,9583,1.87,167.07,4707,4834
11/6/2021,7852,abfe239c50b7240653fdd14f506c7650,10653,8138,1.31,263.17,2982,2086
11/7/2021,7035,4f3fc7a579310c1edef77a69260efd9b,11001,8123,1.35,260.51,2070,3133
11/8/2021,4594,8730a0931d1d6883f9a0d991362ad183,10023,5308,1.89,269.14,1270,2945
11/9/2021,5841,b6ed8acfd7135cdb80aa755422816477,9186,6415,1.43,123.1,2421,1841
11/10/2021,2409,03f340a55af55968be1577f8b00bf99d,5249,1961,2.68,293.87,764,709
11/11/2021,5566,3f7ed3fc14a2e6182a438a90592c8638,8999,5733,1.57,291.93,1237,2085
11/12/2021,5491,51c864bd45ce94a7ef25166e291ea6bd,14979,6120,2.45,171.49,1670,4420
11/13/2021,2555,c13f2e29ba92d6ebd0d806bf915ae930,4893,2061,2.37,113.18,904,1342
11/14/2021,1804,65e33cbd1a3fc94f1fbb9a5a6c0f92c5,2962,1839,1.61,133.41,395,806
11/15/2021,2279,4b2573205d2d5c53d54da09429ef075d,6067,2605,2.33,298.57,1189,1739
11/16/2021,8083,22d3dbc1cc4b51b8df51aa56c55dc5d1,14687,7999,1.84,212.6,3179,4094
11/17/2021,6986,09ccd28d59b520477019469c931b797a,9785,5600,1.75,171.32,1849,2497
11/18/2021,6619,851354113bb14ecb63acacfd2c047d09,14738,5324,2.77,157.64,1618,3591
11/19/2021,2387,54a817478ff789d486aba5e34e4ed5ac,5363,2307,2.32,151.4,474,820
11/20/2021,3679,c7fcb1efcf6fdc473250f6825e06e2d5,9147,3171,2.88,232.83,1419,2051
11/21/2021,3106,15d7971ed2e1aa752020457ee38c3aa2,5070,3310,1.53,183.88,803,1035
11/22/2021,9173,a841d192646e286df3ccff04f1389ebf,18334,9939,1.84,293.08,2910,4994
11/23/2021,5223,27266863cda412a625f19761b82ed4e5,8922,4550,1.96,236.77,1686,1769
11/24/2021,5831,c132ef2e135257454972964cb703ffd3,7846,6737,1.16,258.41,1844,985
11/25/2021,3768,e1a281fa0fa07994e964aeebb493b813,10467,3680,2.84,158.55,1284,1057
11/26/2021,4186,4e17e46518a8a91d625026567f4089bb,10515,3587,2.93,115.84,1588,2477
11/27/2021,3573,a96e809cef213e527c7b31da806a502e,6226,3950,1.58,197.56,1347,1307
11/28/2021,3599,9164cac6acda36da4910eccb8cb3f367,8201,4016,2.04,162.92,1946,1363
11/29/2021,5033,2fb29f1e4668b9bee27e255106febffe,7862,5313,1.48,140.42,2413,1052
11/30/2021,9428,ebe44b0b67a5ba7d79b5b9f6fd0020ab,26421,10760,2.46,290.53,3227,5108
12/1/2021,2304,5b8b14ca093d9cbaee91967ef41adf6d,3241,2522,1.28,188.8,807,389
12/2/2021,8368,db35fcb6e6cff122a7f0b1606add3a63,10099,9647,1.05,134.94,3154,1688
12/3/2021,6877,101b07007d44dea36a6faa86c67c481f,14466,6695,2.16,139.73,2596,2543
12/4/2021,2301,4a17518597c8f6e5d4b3c5293df5f02b,5176,2528,2.05,156.14,723,999
12/5/2021,3541,ffda37b1d03d231c593c00530784b2e6,7939,4248,1.87,299.86,2085,1534
12/6/2021,3051,996ff5a4794fde7ad094478a112ae02e,3960,3325,1.19,153.6,1272,599
12/7/2021,7809,8e99429bdf0b2477afa99448683269e5,13785,6603,2.09,165.76,2112,3722
12/8/2021,9633,cad2d0bcd4ef820e915db78564339683,20215,9703,2.08,231.87,3818,3459
12/9/2021,9996,d38c40c92aa11af766e8884ee491bec2,15892,10345,1.54,158.79,3296,2318
12/10/2021,1074,b9d35dfa053beaddcd466338a04bb76d,2975,934,3.19,143.16,415,402
12/11/2021,7981,b6d4fbe903d1f37b614da00380189bbc,10828,9458,1.14,131.73,3503,1781
12/12/2021,6475,292fc3e14288c22d51906c60621cb8cf,13450,5634,2.39,162.54,1197,1526
12/13/2021,9232,aeea9085f6086eeee23b21c8981a3e6e,22568,8041,2.81,121.18,2034,2405
12/14/2021,8184,53b83743b59591c03db8ff4e5ab6fd68,13676,9543,1.43,103.73,4385,3022
12/15/2021,6796,d1faf49afe6fee47670fb1602ee73b93,15791,6701,2.36,260.93,2471,3534
12/16/2021,8141,1a0095ae55437d0f06236bfa57d53397,21922,6718,3.26,127.58,3259,4514
12/17/2021,2622,aa76b3387084f84c29e4dc5735011f54,4044,2724,1.48,255.2,604,1021
12/18/2021,9041,6ad9c51184bd6baaca03c2bd92aeb382,25775,9409,2.74,259.51,2715,2779
12/19/2021,1341,47ccabd0450c87de56fb3a7e0b0f77e4,2945,1107,2.66,207.58,285,845
12/20/2021,3074,4e69cf8f11890db7f36a9f8691195ac3,5344,3655,1.46,161.94,1338,636
12/21/2021,8992,138317fba72b0da5fa3813c133e8697b,17764,9150,1.94,129.01,2880,4171
12/22/2021,1645,6c921a6191c24310dd7bb45cd7b1411d,2898,1684,1.72,247.36,416,367
12/23/2021,5263,9320abf2eb045e869609f46c81e50548,13184,5305,2.49,220.28,2084,3638
12/24/2021,9801,467df937c0f76b1f3fdc866a9a330068,25809,10235,2.52,231.09,3693,5217
12/25/2021,7136,35089c2a23493eaef78b64b18422c981,19262,6463,2.98,101.73,1825,2243
12/26/2021,9646,27a0ecc194ae47186b68f64293fff171,28690,8825,3.25,285.5,3035,6407
12/27/2021,3969,3d604c0c8050924b5208b254e4ef4212,10415,3987,2.61,113.26,1689,1060
12/28/2021,4028,81de1ebaace367120d05d44a796b897f,9193,4522,2.03,173.36,1182,2346
12/29/2021,8643,90419e3ff324e0105b18bb6437f47095,15648,7086,2.21,180.54,2040,3601
12/30/2021,3681,f9eaea89fb7866f27ce21d3bf7197c3f,8025,3833,2.09,100.27,1164,1143
12/31/2021,4629,76f9ed8b7ad1fba5b08a2c235aa4bffa,5896,5197,1.13,199.42,2203,1031
